year,week,none,Civilian,Non-Civilian,Adult - Female,Adult - Male,Child - Female,Child - Male,Chemical and toxic gases,Detention - Execution,Detention - Torture,Detention - Torture - Execution,Explosion,Field Execution,Kidnapping - Execution,Kidnapping - Torture,Kidnapping - Torture - Execution,Other,Shelling,Shooting,Siege,Un-allowed to seek Medical help,Unknown,Warplane shelling,total,Hasakeh,Aleppo,Raqqa,Sweida,Damascus,Daraa,Deir Ezzor,Hama,Homs,Idlib,Lattakia,Quneitra,Damascus Suburbs,Tartous
2011,11,,12,0,0,10,0,2,0,0,0,0,0,0,0,0,0,2,0,10,0,0,0,0,12,0,0,0,0,0,12,0,0,0,0,0,0,0,0
2011,12,,182,2,0,172,4,8,0,0,0,0,0,0,0,0,0,0,0,184,0,0,0,0,184,0,0,0,0,0,143,0,0,2,0,39,0,0,0
2011,13,,30,2,2,29,0,1,0,0,1,1,0,1,0,0,1,1,0,27,0,0,0,0,32,0,0,0,0,0,3,0,0,10,1,6,0,12,0
2011,14,,16,2,0,17,0,1,0,0,0,0,0,0,0,0,0,1,0,17,0,0,0,0,18,0,1,0,0,0,7,3,0,4,0,1,0,2,0
2011,15,,37,2,0,37,0,2,0,0,3,0,0,1,0,0,0,0,0,35,0,0,0,0,39,0,0,0,0,0,1,2,0,17,1,17,0,0,1
2011,16,,221,9,2,212,2,14,0,1,0,0,1,2,0,0,0,1,0,225,0,0,0,0,230,1,0,0,1,34,37,2,15,54,1,29,0,53,3
2011,17,,296,19,2,294,6,13,0,0,16,0,0,7,0,0,0,0,10,280,0,2,0,0,315,3,0,0,0,2,212,3,9,54,4,13,0,15,0
2011,18,,97,8,6,89,0,10,0,0,0,0,0,5,0,0,2,0,0,98,0,0,0,0,105,2,0,1,0,0,17,5,20,24,18,5,0,4,9
2011,19,,63,5,8,60,0,0,0,0,2,0,0,9,0,0,0,1,0,56,0,0,0,0,68,0,0,0,0,1,37,0,0,25,1,0,0,2,2
2011,20,,180,11,2,176,1,12,0,4,16,1,0,18,0,0,0,3,2,147,0,0,0,0,191,2,0,0,0,2,43,6,3,75,40,3,0,13,4
2011,21,,45,6,3,46,1,1,0,0,4,2,0,6,0,0,0,0,0,39,0,0,0,0,51,0,1,0,0,0,9,0,3,28,1,2,0,7,0
2011,22,,242,11,9,230,1,13,0,0,3,3,0,4,0,0,2,0,8,233,0,0,0,0,253,0,2,0,0,6,19,11,80,44,84,6,0,1,0
2011,23,,105,8,1,107,0,5,0,0,2,0,0,3,0,0,0,1,0,107,0,0,0,0,113,0,0,0,0,44,2,2,1,8,33,21,0,2,0
2011,24,,14,1,0,13,0,2,0,0,2,0,0,0,0,0,0,0,0,13,0,0,0,0,15,0,1,0,0,0,1,3,1,6,0,0,0,3,0
2011,25,,36,1,0,29,0,8,0,0,1,0,0,1,0,0,0,1,1,33,0,0,0,0,37,0,0,0,0,5,1,0,10,15,1,0,0,5,0
2011,26,,44,5,3,44,0,2,0,0,3,0,1,0,0,0,0,2,0,43,0,0,0,0,49,1,2,0,0,9,1,2,0,16,16,1,0,1,0
2011,27,,48,2,0,49,0,1,0,0,4,0,0,4,0,0,1,0,0,41,0,0,0,0,50,0,0,0,0,1,3,0,34,7,3,0,0,1,1
2011,28,,62,7,1,59,0,9,0,0,2,0,0,4,0,0,0,1,0,62,0,0,0,0,69,0,3,0,0,16,2,15,1,12,13,1,0,6,0
2011,29,,72,6,2,65,0,11,0,0,7,2,0,0,0,0,0,1,1,67,0,0,0,0,78,0,2,0,0,3,5,3,2,52,5,2,0,4,0
2011,30,,302,10,2,291,5,14,0,1,1,0,0,6,0,1,1,4,2,296,0,0,0,0,312,0,3,0,0,4,27,52,176,10,9,2,0,29,0
2011,31,,224,10,7,200,8,19,0,1,5,2,0,7,0,0,1,3,15,196,0,4,0,0,234,0,2,0,0,8,7,15,77,66,12,16,0,31,0
2011,32,,178,19,13,166,8,10,0,1,18,0,2,11,0,0,0,0,5,160,0,0,0,0,197,1,4,0,0,0,9,15,39,44,12,58,0,15,0
2011,33,,143,3,4,129,3,10,0,0,8,0,0,4,8,0,0,0,2,124,0,0,0,0,146,0,0,0,0,0,14,2,9,73,9,34,0,5,0
2011,34,,64,9,1,66,0,6,0,1,8,1,0,5,2,0,0,2,2,52,0,0,0,0,73,0,0,0,0,3,4,12,8,19,13,7,0,7,0
2011,35,,158,5,7,143,6,7,0,3,11,0,0,5,0,0,0,2,0,142,0,0,0,0,163,0,7,0,0,3,47,14,7,40,24,0,0,21,0
2011,36,,96,15,4,96,2,9,0,2,9,0,0,9,1,0,1,1,2,86,0,0,0,0,111,0,1,0,0,3,8,5,11,55,16,4,0,8,0
2011,37,,194,21,9,185,0,21,0,4,11,6,0,0,2,0,1,3,2,186,0,0,0,0,215,0,2,0,0,5,15,11,77,42,43,5,0,15,0
2011,38,,72,21,5,82,1,5,0,1,7,3,0,2,0,0,0,0,4,76,0,0,0,0,93,1,4,0,1,1,3,0,12,53,8,1,0,9,0
2011,39,,99,22,4,110,0,7,0,1,10,0,1,3,0,2,0,0,3,101,0,0,0,0,121,0,1,0,0,4,8,1,21,67,13,0,0,5,1
2011,40,,104,13,2,108,1,6,0,2,12,1,0,2,0,1,0,0,2,97,0,0,0,0,117,3,0,0,0,0,3,1,17,60,9,5,0,15,4
2011,41,,56,7,3,53,2,5,0,0,1,0,0,0,0,0,0,0,1,61,0,0,0,0,63,0,3,0,0,4,6,2,1,25,17,1,1,3,0
2011,42,,142,15,5,144,3,5,0,2,7,0,0,0,1,0,0,1,3,143,0,0,0,0,157,0,1,0,0,1,12,1,15,105,10,0,0,12,0
2011,43,,122,11,6,111,3,13,0,0,9,0,0,7,0,0,0,2,8,107,0,0,0,0,133,1,0,1,0,2,7,2,33,68,10,3,0,6,0
2011,44,,172,18,3,178,0,9,0,1,1,0,0,19,8,1,5,0,2,153,0,0,0,0,190,0,2,2,0,2,2,3,17,130,16,3,0,13,0
2011,45,,149,17,5,143,4,14,0,0,7,3,3,9,3,2,0,1,3,134,0,1,0,0,166,1,0,0,0,7,17,3,35,70,23,1,0,9,0
2011,46,,228,25,4,227,4,18,0,0,16,4,1,16,1,0,2,0,9,204,0,0,0,0,253,1,2,0,0,0,42,9,30,84,65,0,0,20,0
2011,47,,217,28,5,209,1,30,0,3,12,2,2,13,0,0,0,0,6,207,0,0,0,0,245,0,1,2,0,1,19,16,35,123,24,0,0,23,1
2011,48,,245,17,16,217,8,21,0,1,8,2,3,7,4,0,1,0,11,225,0,0,0,0,262,2,4,1,0,5,3,3,42,128,49,6,2,16,1
2011,49,,281,23,11,245,8,40,0,1,22,0,0,17,6,0,20,0,9,225,0,4,0,0,304,2,2,0,0,1,21,0,30,167,40,0,0,40,1
2011,50,,238,42,14,243,3,20,0,1,15,0,0,6,3,0,1,0,16,235,0,3,0,0,280,3,0,1,0,4,25,8,50,103,76,2,0,8,0
2011,51,,391,59,19,392,2,37,0,4,24,20,23,13,4,2,0,4,59,297,0,0,0,0,450,0,4,0,6,9,46,15,32,152,150,4,2,30,0
2011,52,,275,27,12,267,7,16,0,5,8,4,2,4,1,0,2,0,31,239,0,6,0,0,302,0,4,0,0,8,22,7,62,131,28,8,0,31,1
2012,1,,250,95,14,306,6,19,0,1,25,6,9,14,5,0,1,4,49,208,0,1,0,22,345,4,31,1,0,21,15,18,27,79,37,4,3,105,0
2012,2,,168,23,7,168,5,11,0,1,9,1,7,9,3,2,0,1,5,129,0,0,0,24,191,6,7,0,0,0,3,26,14,61,35,1,1,37,0
2012,3,,244,48,7,270,5,10,0,4,19,5,37,4,3,0,3,0,17,200,0,0,0,0,292,2,8,3,0,0,7,9,22,88,86,9,0,58,0
2012,4,,391,47,23,377,4,34,0,2,11,0,0,48,7,0,0,3,49,316,0,2,0,0,438,0,16,1,0,14,42,5,60,156,37,7,2,98,0
2012,5,,530,57,27,508,14,38,0,3,9,2,8,26,2,1,0,0,230,303,0,1,0,2,587,4,8,0,0,8,33,6,9,357,61,4,1,95,1
2012,6,,511,111,49,500,24,49,0,0,5,3,5,54,4,1,1,2,202,341,0,4,0,0,622,2,25,1,0,13,54,11,19,343,58,5,0,91,0
2012,7,,293,67,8,324,9,19,0,1,7,0,2,60,4,0,0,7,79,196,0,4,0,0,360,2,27,2,0,19,38,19,48,88,81,2,0,34,0
2012,8,,451,29,12,402,19,47,0,5,8,0,1,67,8,0,0,4,128,259,0,0,0,0,480,16,23,3,0,7,30,12,71,176,125,1,4,12,0
2012,9,,414,86,17,425,23,35,0,5,12,11,8,71,3,0,0,1,133,254,0,0,0,2,500,0,40,4,0,10,31,26,47,202,82,3,5,50,0
2012,10,,417,69,31,390,26,39,0,2,8,1,2,169,2,0,1,0,82,215,0,3,0,1,486,2,20,0,0,5,32,8,20,248,120,2,0,29,0
2012,11,,424,85,10,465,7,27,0,2,11,10,3,83,2,1,37,0,54,303,0,2,0,1,509,4,18,25,0,1,47,25,36,119,188,6,3,36,1
2012,12,,466,72,27,453,29,29,0,5,15,7,0,46,4,7,2,0,133,317,0,2,0,0,538,3,27,2,0,4,48,13,52,227,133,7,1,21,0
2012,13,,397,77,24,399,17,34,0,7,21,1,0,56,3,10,1,0,148,225,0,2,0,0,474,3,19,0,0,7,65,29,42,158,120,2,0,29,0
2012,14,,606,70,32,601,16,27,0,1,21,3,7,57,4,1,2,2,366,207,0,0,0,5,676,1,43,0,0,3,15,10,136,239,189,1,0,39,0
2012,15,,534,62,35,505,24,32,0,10,11,0,1,217,5,0,3,4,183,162,0,0,0,0,596,3,46,0,0,5,29,5,63,336,68,2,0,37,2
2012,16,,412,133,13,517,3,12,0,1,23,2,2,17,4,0,2,1,240,250,0,3,0,0,545,3,45,0,0,21,33,19,27,234,120,2,0,41,0
2012,17,,333,60,27,329,11,26,0,5,5,0,10,38,17,2,2,1,175,138,0,0,0,0,393,2,17,1,0,10,15,23,131,94,60,0,0,40,0
2012,18,,242,66,12,273,6,17,0,2,6,5,15,13,1,0,0,0,85,181,0,0,0,0,308,2,17,1,2,31,21,16,25,118,51,0,0,24,0
2012,19,,335,77,45,335,7,25,0,2,12,0,53,39,6,1,1,5,58,235,0,0,0,0,412,7,18,1,0,37,19,29,67,112,53,1,0,68,0
2012,20,,285,60,11,283,13,38,0,3,11,4,13,44,8,0,3,0,46,213,0,0,0,0,345,1,15,1,1,13,18,19,54,99,71,2,0,47,4
2012,21,,411,82,44,326,35,88,0,4,8,0,7,139,7,3,5,0,96,219,0,0,0,5,493,8,32,3,0,24,37,13,103,190,33,2,0,45,3
2012,22,,334,107,17,379,4,41,0,3,7,4,15,19,31,1,19,4,99,237,0,1,0,1,441,3,38,1,0,16,42,38,35,141,33,2,0,92,0
2012,23,,472,93,33,480,14,38,0,5,6,1,12,108,4,0,0,4,175,241,0,2,0,7,565,9,29,5,0,24,43,9,121,126,62,81,1,55,0
2012,24,,481,89,33,481,25,31,0,7,8,1,21,48,5,1,2,1,248,224,0,1,0,3,570,6,37,4,0,16,46,74,38,150,85,17,0,96,1
2012,25,,628,202,37,709,25,59,0,2,10,3,3,67,4,0,2,2,386,349,0,0,0,2,830,4,63,0,0,16,123,135,67,143,44,18,0,217,0
2012,26,,733,145,80,716,23,59,0,3,9,2,83,87,4,2,0,0,410,271,0,1,0,6,878,4,61,0,0,18,118,130,35,98,116,6,1,291,0
2012,27,,533,117,49,522,17,62,0,8,15,5,11,50,7,0,1,3,307,241,0,0,0,2,650,1,70,3,2,23,66,84,45,99,105,5,1,146,0
2012,28,,606,212,53,679,16,70,0,0,22,2,12,18,25,0,7,4,346,375,0,0,0,7,818,6,67,1,2,38,61,132,116,164,119,8,0,104,0
2012,29,,1361,291,79,1406,59,108,0,8,15,9,7,64,2,0,1,0,681,719,0,1,0,145,1652,4,174,5,4,264,101,147,157,198,166,19,11,401,1
2012,30,,1222,272,100,1241,51,102,0,10,17,7,6,175,9,6,3,2,581,669,0,1,0,8,1494,27,277,4,0,167,221,124,90,154,154,27,2,247,0
2012,31,,767,196,59,826,20,58,0,11,5,4,3,135,4,1,2,1,406,377,0,0,0,14,963,1,131,4,1,128,108,94,61,91,106,7,1,230,0
2012,32,,1164,236,115,1121,47,117,0,45,9,19,4,113,13,0,1,4,627,480,0,1,0,84,1400,2,320,6,0,61,131,96,47,188,246,16,2,283,2
2012,33,,1165,232,112,1125,49,111,0,31,30,8,1,155,11,2,8,0,608,409,0,0,0,134,1397,5,312,2,1,104,152,126,35,152,143,7,2,356,0
2012,34,,1693,193,140,1549,68,129,0,64,13,12,3,386,17,0,1,4,644,578,0,0,0,164,1886,4,278,2,0,185,254,123,64,75,197,13,3,685,3
2012,35,,1192,237,95,1190,43,101,0,15,14,14,2,286,4,3,2,0,513,484,0,1,0,91,1429,3,130,10,1,167,146,94,96,105,176,25,1,475,0
2012,36,,941,215,69,953,42,92,0,7,10,4,13,193,9,0,1,2,396,379,0,1,0,141,1156,1,315,2,4,104,95,113,48,74,100,51,1,245,3
2012,37,,1295,167,116,1233,38,75,0,10,22,26,20,438,8,1,1,2,398,334,0,1,0,201,1462,4,446,0,0,230,115,125,69,50,118,33,0,269,3
2012,38,,1219,208,157,1113,64,93,0,16,18,6,3,281,10,2,5,0,404,538,0,0,0,144,1427,4,333,61,1,292,95,62,91,142,92,7,1,245,1
2012,39,,1363,201,115,1333,38,78,0,19,18,9,3,609,10,0,2,2,328,425,0,0,0,139,1564,3,299,3,1,169,91,319,90,97,89,11,6,386,0
2012,40,,975,271,90,1046,31,79,0,10,25,4,12,170,3,2,3,2,397,482,0,2,0,134,1246,0,280,7,3,42,130,100,60,110,101,27,2,383,1
2012,41,,1043,329,90,1163,23,96,0,13,20,32,9,238,10,0,1,0,386,524,0,2,0,137,1372,2,274,6,0,72,126,87,61,114,295,24,0,303,8
2012,42,,1033,301,114,1031,69,120,0,34,15,3,7,92,14,0,2,1,446,458,0,2,0,260,1334,4,246,19,0,42,63,153,42,109,257,20,16,363,0
2012,43,,763,208,94,756,42,79,0,15,13,6,41,87,13,0,2,1,294,315,0,6,0,178,971,2,177,4,0,60,65,64,22,63,150,5,4,353,2
2012,44,,1141,389,121,1225,73,111,0,4,27,10,22,105,0,5,8,0,474,555,0,4,0,316,1530,0,303,6,0,81,78,83,53,107,330,16,5,468,0
2012,45,,1031,337,123,1115,41,89,0,23,14,0,11,156,0,2,11,2,345,509,0,2,0,293,1368,1,239,40,0,120,96,107,31,59,262,8,9,396,0
2012,46,,716,269,79,799,28,79,0,2,18,3,7,79,12,3,1,2,290,410,0,0,0,158,985,27,190,17,0,90,50,62,30,68,108,2,1,338,2
2012,47,,641,318,36,837,23,63,1,6,6,26,34,105,8,0,4,2,219,458,0,0,0,90,959,12,182,10,0,92,62,93,36,44,65,34,10,318,1
2012,48,,892,245,75,893,54,115,0,5,14,8,83,96,9,0,0,1,368,342,0,3,0,208,1137,1,230,13,0,82,79,54,39,98,124,0,2,415,0
2012,49,,683,292,55,824,22,74,0,4,15,10,8,171,3,0,3,6,332,361,0,0,0,62,975,12,161,8,0,68,84,45,31,48,130,6,0,382,0
2012,50,,1005,407,102,1141,54,115,0,2,30,7,28,221,3,2,0,5,409,556,0,3,0,146,1412,16,375,8,0,155,84,107,105,72,133,6,6,341,4
2012,51,,933,373,86,1073,26,121,7,2,23,6,66,186,6,1,2,0,360,536,0,2,0,109,1306,1,217,19,1,151,207,74,211,69,62,2,5,287,0
2012,52,,942,370,100,1026,62,124,0,8,29,17,35,195,0,0,3,2,304,479,0,3,0,237,1312,3,238,46,3,119,81,76,131,145,141,1,17,310,1
2013,1,,785,287,99,849,47,77,0,12,37,1,12,114,26,0,6,3,303,371,0,1,0,186,1072,2,164,9,3,95,103,57,69,131,83,3,3,350,0
2013,2,,644,187,47,691,39,54,0,2,21,13,8,169,1,0,1,5,237,300,0,1,0,73,831,3,203,30,9,82,46,55,40,47,117,2,2,195,0
2013,3,,1276,341,178,1184,99,156,0,15,43,7,43,189,16,5,2,1,383,412,0,5,0,496,1617,21,340,30,0,78,121,48,105,274,135,10,10,442,3
2013,4,,683,285,81,752,46,89,0,5,14,7,13,90,10,0,9,1,321,417,0,3,0,78,968,11,197,9,0,44,128,43,60,134,107,11,1,223,0
2013,5,,686,319,65,811,46,83,0,16,23,6,2,122,28,1,0,2,282,415,0,0,0,108,1005,12,269,11,0,79,67,40,61,104,103,1,4,252,2
2013,6,,832,357,89,974,44,82,0,12,34,0,99,173,6,1,2,2,356,432,0,1,0,71,1189,0,333,7,2,130,93,59,126,132,62,3,1,241,0
2013,7,,613,441,72,849,46,87,0,6,35,3,14,55,6,1,9,0,308,515,0,2,0,100,1054,13,267,22,0,94,101,98,56,134,97,1,2,169,0
2013,8,,936,261,101,880,70,146,0,5,18,9,75,65,1,2,2,4,499,335,0,2,0,180,1197,13,348,25,1,135,103,32,40,82,80,0,4,334,0
2013,9,,720,314,89,818,48,79,0,8,54,5,6,133,4,0,1,2,327,364,0,0,0,130,1034,4,286,45,1,114,91,46,52,84,68,1,4,235,3
2013,10,,738,407,85,934,32,94,0,10,31,3,25,131,12,0,1,1,384,453,0,3,0,91,1145,10,201,77,0,103,97,41,61,148,152,7,4,244,0
2013,11,,711,347,79,875,28,76,0,10,14,26,8,77,1,1,2,1,378,478,0,1,0,61,1058,37,171,44,0,88,121,69,59,141,66,6,4,251,1
2013,12,,821,382,87,965,43,108,30,11,56,13,53,48,7,0,1,0,383,453,0,2,0,146,1203,5,245,9,2,143,80,44,60,144,58,4,32,377,0
2013,13,,792,377,109,923,38,99,0,5,86,6,6,150,0,0,3,0,403,449,0,0,0,61,1169,7,157,7,1,157,123,70,43,194,85,3,16,304,2
2013,14,,731,337,97,831,32,108,0,8,69,6,3,72,3,2,4,6,403,388,0,0,0,104,1068,5,249,6,1,112,72,62,57,129,92,6,6,271,0
2013,15,,618,419,67,877,36,57,15,3,42,22,34,83,2,0,4,0,293,467,0,0,0,72,1037,24,187,9,1,85,139,35,51,170,120,9,9,198,0
2013,16,,746,318,74,842,43,105,0,2,38,71,1,139,2,2,1,0,394,376,0,0,0,38,1064,1,217,18,2,69,71,61,33,147,107,2,13,323,0
2013,17,,749,418,82,983,32,70,0,10,72,15,13,67,3,0,2,0,394,486,0,0,0,105,1167,0,187,20,2,68,108,49,104,145,129,8,8,335,4
2013,18,,805,404,116,970,39,84,1,3,50,11,38,278,3,2,3,3,317,426,0,1,0,73,1209,3,200,22,0,78,80,50,126,160,83,10,11,187,199
2013,19,,380,299,45,562,25,47,0,9,23,3,13,33,0,0,1,1,202,350,0,2,0,42,679,12,95,10,0,29,91,24,92,77,63,8,13,152,13
2013,20,,480,293,43,644,36,50,3,13,28,1,14,95,2,0,1,0,252,321,0,1,0,42,773,3,121,21,1,40,41,44,57,170,74,8,15,174,4
2013,21,,435,421,47,710,24,75,6,9,42,1,24,44,0,0,2,2,244,440,0,0,0,42,856,1,133,8,0,38,63,48,53,187,74,2,6,238,5
2013,22,,520,476,60,842,35,59,3,50,83,4,10,12,1,2,0,6,281,526,0,1,0,17,996,2,201,22,0,56,77,29,48,197,59,12,2,291,0
2013,23,,536,361,75,720,28,74,0,2,76,2,10,25,1,0,1,2,291,443,0,0,0,44,897,9,134,19,1,73,118,44,51,164,42,5,26,210,1
2013,24,,491,358,75,700,18,56,0,3,57,1,17,35,1,2,1,4,244,417,0,3,0,64,849,15,172,43,1,64,47,81,43,98,70,0,6,208,1
2013,25,,682,318,90,756,56,98,12,4,47,1,0,279,2,0,0,2,206,415,0,3,0,29,1000,23,401,12,0,66,48,43,52,62,104,0,10,177,2
2013,26,,390,231,54,477,26,64,4,13,57,1,9,31,2,0,2,5,193,275,0,3,0,26,621,24,125,14,2,40,57,23,44,55,42,3,0,192,0
2013,27,,354,248,32,496,29,45,0,3,34,3,7,9,0,0,0,3,231,264,0,5,0,43,602,5,126,1,0,54,44,33,39,55,46,2,7,190,0
2013,28,,525,351,64,732,11,69,2,20,95,4,13,69,1,2,0,0,262,373,0,2,0,33,876,13,144,7,0,139,57,43,46,91,117,1,9,209,0
2013,29,,660,526,98,992,31,65,0,2,60,0,58,78,0,4,0,2,371,551,0,2,0,58,1186,38,156,29,0,122,176,28,51,73,148,2,9,318,36
2013,30,,1019,510,141,1160,92,136,0,8,39,2,26,84,0,0,0,2,610,564,0,2,0,192,1529,14,356,29,2,124,215,43,81,186,200,7,32,240,0
2013,31,,758,428,101,887,60,138,0,8,80,6,3,12,21,2,2,5,442,461,0,0,0,144,1186,6,167,33,0,87,102,51,57,133,205,23,11,307,4
2013,32,,877,644,122,1231,78,90,0,16,65,0,68,104,4,2,2,16,438,644,0,0,0,162,1521,6,244,28,0,96,180,184,90,114,210,70,20,279,0
2013,33,,643,412,108,803,41,103,2,7,49,0,6,26,0,0,2,4,319,463,0,0,0,177,1055,6,283,20,0,57,138,79,39,62,160,0,12,199,0
2013,34,,2407,591,597,2057,136,208,1682,6,74,2,35,84,4,0,0,4,461,558,0,0,0,88,2998,15,224,0,0,195,115,75,66,106,313,6,5,1878,0
2013,35,,675,418,104,807,40,142,0,4,37,1,34,15,0,4,0,6,363,477,0,2,0,150,1093,21,212,15,0,15,70,36,67,72,210,2,0,372,1
2013,36,,545,458,69,812,32,90,0,3,38,0,23,40,6,2,0,4,319,484,0,2,0,82,1003,5,150,13,0,53,86,31,45,84,172,2,21,339,2
2013,37,,330,330,42,549,25,44,0,2,27,2,5,27,3,2,0,3,180,351,0,5,0,53,660,19,113,31,0,41,101,51,54,41,81,6,26,96,0
2013,38,,394,294,53,555,25,55,0,1,44,1,11,77,0,0,0,5,190,314,0,4,0,41,688,5,90,19,6,27,88,38,102,69,109,0,3,132,0
2013,39,,430,335,53,604,35,73,0,6,50,0,68,31,7,0,0,8,182,330,0,3,0,80,765,1,113,30,0,50,119,32,44,68,66,6,4,232,0
2013,40,,343,286,40,520,18,51,0,4,71,8,4,24,5,0,1,0,182,290,0,4,0,36,629,6,76,3,0,26,125,22,62,75,71,1,14,137,11
2013,41,,588,227,66,620,34,95,0,4,45,4,24,39,6,0,1,8,252,263,0,5,0,164,815,14,196,6,0,51,87,20,51,69,99,4,10,205,3
2013,42,,393,244,55,487,32,63,0,17,9,0,105,15,0,0,0,4,185,261,0,3,0,38,637,0,122,6,1,55,96,108,32,37,64,2,9,103,2
2013,43,,463,299,39,628,32,63,0,2,20,1,155,14,0,0,0,7,180,310,0,2,0,71,762,1,99,14,0,28,91,70,26,105,27,5,21,275,0
2013,44,,406,219,45,487,36,57,0,4,55,1,14,16,2,1,0,8,220,267,0,8,0,29,625,3,139,7,0,85,80,43,38,100,45,1,3,81,0
2013,45,,302,312,38,512,19,45,2,4,43,0,12,8,0,1,2,2,174,338,0,5,0,23,614,0,193,2,1,46,55,14,36,96,55,0,9,107,0
2013,46,,402,304,60,560,22,64,0,4,38,0,22,37,0,0,3,3,215,318,0,4,0,62,706,5,208,3,3,42,68,11,68,81,38,4,32,143,0
2013,47,,559,261,67,632,19,102,0,15,32,0,1,49,0,0,0,9,295,275,0,7,0,137,820,7,264,16,2,59,59,21,35,86,55,6,7,203,0
2013,48,,644,387,90,798,32,111,0,2,37,0,3,68,13,1,0,8,280,441,0,5,0,173,1031,1,295,6,0,30,71,39,31,71,85,2,35,365,0
2013,49,,530,168,92,466,55,85,1,1,36,6,15,121,0,2,0,18,180,203,0,10,0,105,698,0,138,17,0,37,41,15,38,56,36,8,10,300,2
2013,50,,527,179,84,463,52,107,0,11,29,6,6,71,2,0,0,46,140,222,0,0,0,173,706,0,244,6,0,16,77,30,13,67,26,5,5,217,0
2013,51,,994,266,134,888,91,147,0,0,35,4,5,7,1,0,0,44,226,379,0,1,0,558,1260,0,584,6,1,37,160,41,29,60,32,8,16,286,0
2013,52,,547,199,73,537,46,90,0,1,26,0,10,0,0,0,0,42,165,256,0,3,0,243,746,4,269,9,0,37,56,52,25,73,40,2,6,172,1
2014,1,,301,224,32,439,13,41,0,0,25,0,4,10,4,0,15,21,85,265,0,6,0,90,525,11,164,16,1,19,107,20,26,32,36,2,7,84,0
2014,2,,586,342,63,756,30,79,0,5,38,0,59,24,84,2,7,22,183,352,0,2,0,150,928,8,407,32,0,24,61,11,43,157,70,1,9,105,0
2014,3,,448,248,59,556,21,60,4,0,39,2,45,35,15,2,13,20,112,235,0,0,0,174,696,3,286,3,2,69,59,13,20,48,42,1,18,130,2
2014,4,,410,158,55,419,26,68,0,5,66,0,17,23,2,0,1,32,96,214,0,2,0,110,568,4,229,1,1,61,47,12,32,36,52,5,5,79,4
2014,5,,704,223,83,673,54,117,0,5,43,1,12,15,2,0,0,35,103,274,0,1,0,436,927,1,487,2,0,48,72,16,48,65,39,10,11,126,2
2014,6,,661,205,99,636,45,86,0,5,49,0,11,47,1,2,0,22,120,224,0,2,0,383,866,1,404,1,1,31,56,26,109,80,69,8,12,68,0
2014,7,,619,208,50,663,35,79,0,2,56,1,82,30,55,0,0,13,114,205,0,1,0,268,827,0,360,7,0,25,128,32,44,60,43,4,34,89,1
2014,8,,533,226,53,615,35,56,0,2,56,0,48,74,28,0,0,21,99,240,0,2,0,189,759,73,224,0,0,34,97,47,46,49,80,0,15,94,0
2014,9,,338,233,27,498,15,31,4,2,30,1,88,12,31,0,0,10,107,219,0,3,0,64,571,5,168,0,0,19,54,12,26,45,50,0,5,187,0
2014,10,,323,282,42,509,13,41,0,3,56,0,16,41,8,2,7,14,62,293,0,0,0,103,605,1,115,3,1,24,50,66,35,92,81,3,1,132,1
2014,11,,309,190,33,399,26,41,0,2,53,0,12,2,28,0,2,18,74,215,0,1,0,92,499,8,118,5,4,39,44,10,20,52,52,1,10,136,0
2014,12,,377,207,30,466,34,54,0,12,57,0,10,13,1,0,0,20,104,226,0,1,0,140,584,0,139,4,1,37,50,28,42,76,50,6,4,147,0
2014,13,,275,205,36,374,20,50,7,1,28,0,17,15,2,2,1,9,68,210,0,1,0,119,480,3,149,6,0,13,60,21,27,40,60,3,3,94,1
2014,14,,425,299,48,580,39,57,0,3,57,0,11,8,3,0,0,15,124,308,0,1,0,194,724,1,161,1,0,46,51,27,50,50,105,4,5,221,2
2014,15,,339,378,58,586,19,54,2,0,56,0,7,46,0,0,0,7,90,387,0,0,0,122,717,3,143,3,0,25,50,82,46,65,62,5,6,224,3
2014,16,,377,349,40,614,22,50,6,5,41,0,27,10,1,1,1,3,105,345,0,0,0,181,726,2,243,4,0,28,31,58,13,98,97,4,1,147,0
2014,17,,359,206,33,445,22,65,4,7,51,0,5,0,7,0,0,2,95,189,0,1,0,204,565,0,197,5,0,18,65,25,42,49,58,1,11,94,0
2014,18,,418,221,44,492,40,63,0,0,53,0,11,26,0,1,0,5,95,242,0,0,0,206,639,1,228,9,0,24,75,44,40,34,56,3,2,123,0
2014,19,,354,286,34,521,23,62,0,1,100,1,8,2,8,0,0,8,100,312,0,0,0,100,640,0,122,4,0,37,91,119,39,27,64,5,9,122,1
2014,20,,463,182,56,497,27,65,0,0,75,0,94,8,10,0,0,13,88,200,0,1,0,156,645,0,148,0,0,19,138,46,77,30,80,7,4,93,3
2014,21,,247,182,30,358,14,27,1,1,76,0,9,3,0,0,0,5,93,181,0,0,0,60,429,4,101,4,0,21,47,52,20,25,47,0,4,104,0
2014,22,,394,168,36,451,21,54,0,5,51,0,29,6,14,1,0,10,84,177,0,0,0,185,562,0,240,6,0,21,33,19,36,43,68,1,1,94,0
2014,23,,345,222,42,456,26,43,0,0,50,1,3,5,5,1,0,4,123,232,0,0,0,143,567,1,149,1,0,28,29,70,26,51,40,1,1,169,1
2014,24,,412,302,60,562,25,67,0,0,71,1,52,5,1,0,0,5,114,272,0,1,0,192,714,0,150,8,0,28,80,45,51,81,75,1,14,181,0
2014,25,,412,121,32,413,33,55,0,1,106,0,9,2,7,2,0,4,70,114,0,0,0,218,533,2,168,7,2,24,60,41,19,51,46,3,4,106,0
2014,26,,349,137,35,376,26,49,0,0,71,0,20,0,1,1,0,10,61,146,0,0,0,176,486,0,93,29,0,13,33,41,26,69,80,2,0,99,1
2014,27,,244,122,25,297,13,31,0,2,52,0,3,2,8,0,0,4,61,110,0,0,0,124,366,0,66,2,0,10,45,54,44,30,38,1,0,76,0
2014,28,,231,171,21,344,12,25,0,0,28,0,7,2,3,1,0,7,57,192,0,0,0,105,402,0,98,1,0,12,61,14,21,32,54,0,7,102,0
2014,29,,283,198,30,390,23,38,0,0,34,0,26,2,6,1,0,2,51,200,0,1,0,158,481,10,102,1,0,14,72,20,52,19,116,2,3,70,0
2014,30,,362,194,43,429,42,42,0,0,51,0,43,8,9,0,0,5,89,175,0,0,0,176,556,6,146,4,0,22,105,19,61,23,52,2,2,110,4
2014,31,,369,125,50,360,27,57,0,2,28,0,7,8,3,0,0,4,110,130,0,0,0,202,494,6,115,4,2,15,57,23,37,22,44,1,2,165,1
2014,32,,235,94,24,264,9,32,0,0,55,0,5,0,2,0,0,4,61,99,0,0,0,103,329,2,72,8,0,29,42,27,37,23,24,2,2,61,0
2014,33,,407,83,25,414,12,39,0,0,67,0,28,6,99,0,0,3,52,83,0,0,0,152,490,4,92,0,0,13,44,121,30,52,42,0,1,90,1
2014,34,,242,130,16,303,17,36,5,2,64,0,7,1,18,0,0,5,36,143,0,0,0,91,372,2,52,20,0,20,51,26,43,39,19,4,5,90,1
2014,35,,395,144,58,377,36,68,0,0,37,0,14,1,8,0,0,4,66,165,0,0,0,244,539,3,114,10,1,15,43,41,71,49,69,0,9,114,0
2014,36,,471,224,74,538,30,53,0,0,52,0,3,26,1,0,0,2,96,226,0,0,0,289,695,4,69,88,0,46,49,70,76,93,89,0,18,93,0
2014,37,,360,163,47,401,20,55,0,0,30,0,25,9,1,0,0,2,75,146,0,0,0,235,523,4,72,5,0,17,37,21,65,36,45,5,3,211,2
2014,38,,471,180,64,470,46,71,0,1,25,0,14,24,3,0,0,17,88,164,0,0,0,315,651,13,150,4,0,16,33,32,56,69,102,5,20,151,0
2014,39,,188,121,22,260,11,16,6,0,29,0,9,0,0,1,0,1,43,117,0,0,0,103,309,6,25,4,0,15,24,16,30,14,45,2,3,125,0
2014,40,,226,215,17,349,33,42,0,1,15,8,50,3,13,0,1,3,47,201,0,0,0,99,441,1,52,1,0,13,75,5,25,53,63,7,4,142,0
2014,41,,199,204,33,314,20,36,0,0,6,0,0,0,6,0,0,0,49,209,0,0,0,133,403,0,62,1,0,6,112,3,15,33,71,4,3,93,0
2014,42,,288,199,24,413,16,34,0,2,50,0,21,0,5,2,0,8,86,172,0,0,0,141,487,3,64,0,0,43,46,38,43,37,72,1,5,135,0
2014,43,,343,116,44,307,36,72,2,0,25,0,10,0,4,0,1,2,63,111,0,0,0,241,459,0,64,0,0,11,113,9,23,75,60,1,11,92,0
2014,44,,268,98,21,304,11,30,0,0,110,0,10,5,1,1,0,4,68,110,0,0,0,57,366,0,29,1,0,14,34,16,51,115,41,0,7,58,0
2014,45,,238,117,32,267,9,47,0,1,26,0,15,7,10,1,0,2,56,116,0,0,0,121,355,7,62,1,0,20,109,14,14,35,36,0,0,57,0
2014,46,,237,108,21,280,15,29,0,0,45,0,5,19,3,1,0,6,50,126,0,0,0,90,345,0,43,27,0,12,89,13,25,30,22,3,1,80,0
2014,47,,259,139,33,307,21,37,0,0,34,0,7,51,12,0,0,2,29,141,0,0,0,122,398,0,79,1,1,14,117,9,15,32,31,0,4,95,0
2014,48,,311,85,33,321,11,31,0,1,42,0,5,3,4,0,0,4,47,95,0,1,0,194,396,3,60,101,0,8,94,16,25,24,17,6,0,42,0
2014,49,,276,155,16,385,6,24,0,0,24,81,24,7,6,4,0,7,24,210,0,0,0,44,431,2,125,8,1,40,74,55,9,20,18,7,0,70,2
2014,50,,167,120,12,246,9,20,0,0,26,1,3,10,19,0,1,12,39,113,0,0,0,63,287,0,73,6,0,21,43,21,7,14,32,0,0,70,0
2014,51,,301,136,45,327,22,43,0,0,12,0,3,28,9,1,0,9,36,146,0,0,0,193,437,3,90,7,0,6,59,39,18,76,81,0,1,57,0
2014,52,,451,115,34,440,24,68,3,0,16,0,15,1,14,0,0,5,40,108,0,0,0,364,566,1,241,18,1,19,68,14,22,15,42,0,14,111,0
2015,1,,41,47,6,72,1,9,0,0,4,0,6,0,3,0,0,1,13,48,0,0,0,13,88,1,14,1,0,3,10,5,3,5,12,0,1,32,1
2015,2,,88,29,10,84,11,12,0,0,8,0,22,0,6,0,1,17,11,40,0,0,0,12,117,3,42,0,0,4,9,14,4,8,12,2,0,19,0
2015,3,,136,31,12,126,15,14,0,0,15,1,1,3,19,0,0,21,24,30,0,0,0,53,167,2,14,0,0,13,31,36,11,19,11,0,0,30,0
2015,4,,322,96,29,332,19,38,0,0,28,0,5,2,12,0,0,20,27,110,0,2,0,212,418,70,56,0,0,14,70,4,13,28,34,1,0,128,0
2015,5,,190,109,34,223,10,32,0,1,40,0,8,2,4,4,0,10,33,110,0,1,0,86,299,2,44,4,0,30,46,22,19,22,35,1,3,71,0
2015,6,,395,115,53,404,20,33,0,0,9,0,8,0,9,1,1,7,73,114,0,0,0,288,510,10,82,0,0,9,74,16,7,9,55,0,2,246,0
2015,7,,166,83,23,196,11,19,0,0,19,0,14,0,5,1,0,3,35,86,0,0,0,86,249,1,18,2,0,4,51,9,9,20,27,0,1,107,0
2015,8,,182,139,31,248,13,29,0,0,17,0,3,52,4,0,0,16,22,142,0,0,0,65,321,1,155,7,0,6,37,6,13,9,26,3,0,58,0
2015,9,,167,134,10,266,12,13,0,2,31,1,20,15,9,0,0,12,41,132,0,0,0,38,301,3,40,3,0,10,52,27,19,34,28,4,2,78,1
2015,10,,248,80,18,275,12,23,0,4,63,0,5,14,12,1,2,5,22,74,0,0,0,126,328,6,47,3,0,17,43,23,23,23,43,5,0,95,0
2015,11,,391,78,28,418,7,16,0,0,261,0,1,0,5,1,0,5,33,69,0,0,0,94,469,1,39,0,0,60,94,17,12,27,15,0,4,200,0
2015,12,,402,67,66,359,22,22,6,0,196,0,85,2,10,0,0,3,45,65,0,0,0,57,469,85,32,0,0,52,85,8,17,32,41,2,0,114,1
2015,13,,360,235,39,496,17,43,0,1,173,0,8,0,3,0,0,8,60,235,0,0,0,107,595,2,35,0,0,35,135,32,35,24,119,6,2,170,0
2015,14,,319,63,35,296,20,31,1,7,89,0,21,0,10,0,0,4,43,73,0,0,0,134,382,3,30,2,0,34,85,31,16,23,80,0,1,77,0
2015,15,,219,100,27,249,13,30,0,1,26,2,39,0,4,1,1,3,25,71,0,0,0,146,319,2,107,9,0,18,68,8,2,22,41,1,1,39,1
2015,16,,277,80,36,253,24,44,0,0,31,0,12,5,8,4,0,7,32,80,0,0,0,178,357,5,102,0,0,22,40,8,21,14,69,3,0,73,0
2015,17,,245,162,30,338,19,20,0,0,15,0,6,1,22,2,0,5,47,166,0,0,0,143,407,3,78,1,0,13,58,14,11,24,142,0,1,62,0
2015,18,,336,141,46,325,38,68,7,4,21,0,10,10,4,1,0,6,56,146,0,0,0,212,477,4,155,0,0,20,34,33,27,16,113,0,1,74,0
2015,19,,169,143,22,240,17,33,0,0,10,0,4,12,5,1,0,4,36,140,0,0,0,100,312,5,51,4,0,5,72,27,31,38,22,0,2,55,0
2015,20,,385,111,54,359,29,54,0,0,12,0,21,1,8,0,0,11,65,97,0,0,0,281,496,5,202,1,0,2,24,22,17,27,130,0,1,65,0
2015,21,,265,114,39,293,22,25,0,0,13,0,11,2,51,0,0,2,49,104,0,0,0,147,379,6,59,1,1,4,40,82,30,38,71,2,0,45,0
2015,22,,309,74,34,303,17,29,0,7,9,0,2,0,32,0,0,6,34,77,0,0,0,216,383,26,149,0,0,9,22,46,8,34,49,1,0,39,0
2015,23,,271,58,39,231,13,46,0,2,15,0,9,0,1,0,0,3,49,59,0,0,0,191,329,0,127,1,0,9,29,9,21,49,57,1,1,25,0
2015,24,,312,160,47,365,24,36,0,0,15,1,10,1,5,0,1,7,37,155,0,1,0,239,472,1,61,0,0,1,126,16,26,51,142,1,4,43,0
2015,25,,200,161,44,243,36,38,0,0,13,0,15,0,13,0,0,7,72,141,0,0,0,100,361,7,83,2,0,2,106,15,24,29,20,0,5,68,0
2015,26,,498,102,100,445,20,35,0,1,13,0,22,3,25,0,0,3,38,383,0,1,0,111,600,11,321,2,0,4,108,29,19,46,18,1,1,40,0
2015,27,,261,123,34,293,20,37,0,0,11,0,12,8,18,1,0,2,39,121,0,0,0,172,384,6,57,7,0,8,71,14,38,51,41,0,1,90,0
2015,28,,187,77,26,189,17,32,0,0,15,0,7,1,7,2,0,5,32,79,0,0,0,116,264,3,78,5,0,13,47,14,10,16,23,0,2,53,0
2015,29,,210,72,23,206,20,33,0,0,9,1,22,0,3,0,0,2,23,53,0,0,0,169,282,2,86,0,0,2,38,12,11,12,58,0,0,60,1
2015,30,,216,84,41,202,20,37,0,0,20,1,9,3,13,0,0,8,58,92,0,0,0,96,300,1,68,0,0,9,74,24,15,21,31,0,2,55,0
2015,31,,209,130,35,262,17,25,0,0,12,0,10,0,19,0,0,2,44,143,0,0,0,109,339,0,38,1,0,9,34,39,34,21,93,0,1,69,0
2015,32,,179,116,16,251,12,16,0,0,14,0,28,6,12,0,0,2,52,102,0,0,0,79,295,3,28,2,0,12,24,23,37,11,98,0,0,56,1
2015,33,,552,192,55,611,25,53,0,1,21,0,15,0,10,0,0,6,116,191,0,0,0,384,744,2,53,6,0,13,80,29,13,58,81,0,0,409,0
2015,34,,291,118,55,291,19,44,0,0,16,0,6,0,8,0,0,6,128,111,0,0,0,134,409,4,50,19,0,5,21,11,13,12,18,3,0,253,0
2015,35,,191,65,17,176,30,33,0,0,11,0,2,0,11,0,0,5,90,68,0,0,0,69,256,0,20,0,0,1,17,24,2,10,42,0,1,139,0
2015,36,,129,67,16,149,15,16,0,0,5,0,4,0,1,0,0,4,63,64,0,0,0,55,196,0,15,0,0,6,18,5,1,4,19,0,0,128,0
2015,37,,67,100,6,148,4,9,0,0,7,0,0,0,0,0,0,3,31,115,0,0,0,11,167,1,7,0,0,4,14,18,3,15,15,0,0,90,0
2015,38,,114,74,14,156,8,10,0,0,9,0,3,2,0,0,0,1,38,69,0,0,0,66,188,0,4,0,0,5,37,5,1,20,33,0,1,82,0
2015,39,,149,56,20,153,11,21,0,0,6,0,4,5,0,0,0,1,100,59,0,0,0,30,205,0,53,0,0,9,19,4,3,50,19,1,11,36,0
2015,40,,153,55,21,149,10,28,0,0,6,0,4,1,5,0,0,1,40,52,0,0,0,99,208,0,20,1,0,3,34,39,7,49,10,0,0,45,0
2015,41,,188,116,26,247,11,20,0,0,20,0,13,3,13,0,0,4,47,114,0,0,1,89,304,0,49,1,0,7,47,42,25,27,49,4,1,52,0
2015,42,,260,162,31,319,28,44,0,1,11,0,7,4,10,2,0,1,51,168,0,0,0,167,422,1,104,1,0,3,36,25,15,107,30,3,1,96,0
2015,43,,217,214,31,363,15,22,0,0,19,0,24,0,9,0,0,5,52,198,0,0,0,124,431,0,81,2,0,1,47,32,36,71,67,4,1,89,0
2015,44,,336,101,45,313,27,52,3,0,10,0,4,0,10,2,0,2,58,103,0,0,0,245,437,4,123,3,0,4,23,15,31,33,52,0,1,148,0
2015,45,,285,149,29,349,8,48,0,0,18,0,8,0,9,2,0,2,61,146,0,0,0,188,434,4,58,20,0,6,18,61,33,46,53,6,0,129,0
2015,46,,197,196,21,323,11,38,0,0,24,0,22,0,14,2,0,6,64,180,0,0,0,81,393,2,80,1,0,12,65,26,30,29,58,6,0,84,0
2015,47,,266,91,46,254,16,41,2,0,14,0,11,0,18,0,0,2,74,82,0,0,0,154,357,3,41,3,1,9,53,80,22,22,48,4,2,68,1
2015,48,,233,179,25,337,12,38,0,4,13,0,17,2,19,2,3,5,49,168,0,1,0,129,412,0,76,13,0,4,31,24,25,43,118,7,2,69,0
2015,49,,262,141,37,300,22,44,0,1,12,1,18,13,19,0,0,5,60,138,0,0,0,136,403,2,66,5,0,5,55,25,20,56,40,4,0,124,1
2015,50,,329,167,52,353,34,57,0,0,4,0,20,0,18,0,0,3,34,146,0,0,0,271,496,1,133,3,0,6,33,36,24,17,87,5,0,151,0
2015,51,,275,113,34,315,13,26,0,0,11,0,13,0,18,0,0,2,28,116,0,1,0,199,388,0,133,13,0,7,13,19,12,24,104,4,1,58,0
2015,52,,301,132,34,332,17,50,2,0,10,0,10,1,14,1,0,5,59,107,0,0,0,224,433,2,96,7,0,9,36,32,18,35,55,2,1,140,0
2015,53,,91,80,11,135,13,12,0,0,1,0,4,0,5,1,0,2,13,81,0,0,0,64,171,1,47,0,0,0,36,9,7,14,9,5,0,43,0
2016,1,,229,63,24,229,12,27,0,0,16,0,10,0,11,0,0,9,13,55,0,0,0,178,292,2,48,7,0,3,37,9,14,8,56,5,2,101,0
2016,2,,287,175,44,361,16,41,0,0,6,0,14,3,12,0,2,8,38,148,0,0,0,231,462,3,95,10,0,14,43,53,14,28,101,1,0,96,4
2016,3,,253,135,35,273,20,60,0,0,22,0,13,0,5,0,0,9,28,129,0,1,0,181,388,1,61,30,0,2,32,103,18,21,37,6,0,76,1
2016,4,,278,99,52,252,23,50,0,0,8,0,20,1,7,0,0,8,40,104,0,0,0,189,377,16,75,8,0,3,22,51,22,31,81,0,2,66,0
2016,5,,194,247,39,344,21,37,0,0,6,0,9,1,4,0,0,4,28,240,0,0,0,149,441,0,180,10,0,1,42,28,21,46,40,9,0,64,0
2016,6,,201,109,35,232,18,25,0,1,13,0,5,0,20,1,0,7,34,105,0,0,0,124,310,2,77,5,1,11,32,9,8,42,41,3,0,79,0
2016,7,,236,131,23,287,12,45,0,0,6,0,9,1,5,0,0,6,50,121,0,0,0,169,367,17,92,1,0,6,41,32,11,42,57,1,0,67,0
2016,8,,178,143,25,250,16,30,0,0,9,0,1,0,11,0,0,14,42,137,0,0,0,107,321,3,74,15,0,7,28,31,18,12,40,10,0,82,1
2016,9,,96,100,12,165,10,9,0,0,12,0,26,0,12,1,0,4,20,84,0,0,0,37,196,4,28,0,0,5,10,33,9,39,21,1,18,28,0
2016,10,,119,108,11,201,6,9,0,0,9,0,15,0,16,0,0,2,25,115,0,0,0,45,227,3,42,5,0,2,25,31,2,29,60,3,1,24,0
2016,11,,70,47,4,106,1,6,0,0,6,0,8,0,13,0,0,3,10,56,0,0,0,21,117,1,20,1,0,1,39,10,9,11,11,0,1,13,0
2016,12,,102,84,18,141,7,20,0,0,5,0,18,0,7,0,0,2,29,78,0,0,0,47,186,0,24,5,0,1,61,33,14,9,10,2,0,27,0
2016,13,,116,132,14,203,7,24,2,0,10,0,9,0,11,0,0,1,16,131,1,0,0,67,248,3,45,4,0,3,37,28,11,28,20,0,0,69,0
2016,14,,119,148,14,234,8,11,1,0,11,0,11,3,17,0,0,3,17,132,0,0,0,72,267,2,61,11,0,2,18,40,11,13,51,2,0,56,0
2016,15,,101,135,11,201,10,14,0,0,5,0,7,0,5,0,0,3,19,144,0,0,0,53,236,0,93,12,0,10,10,23,14,19,32,3,1,19,0
2016,16,,250,113,40,268,14,41,0,0,7,0,15,0,7,0,0,0,45,107,2,0,1,179,363,4,79,5,0,5,23,20,28,28,109,6,0,55,1
2016,17,,208,160,24,289,16,39,0,0,9,0,14,0,13,0,0,0,94,153,3,0,0,82,368,5,200,9,0,5,14,21,14,34,31,3,0,32,0
2016,18,,153,165,28,254,7,29,0,0,8,0,21,2,18,0,0,0,57,168,0,0,0,44,318,3,103,4,0,4,21,28,12,26,59,0,0,58,0
2016,19,,117,110,11,193,6,17,0,0,9,0,4,1,5,1,0,0,29,106,0,1,0,71,227,0,52,7,0,2,30,29,7,30,46,0,0,24,0
2016,20,,185,121,37,223,15,31,0,0,16,0,3,1,4,0,0,1,45,139,4,0,1,92,306,9,53,0,1,3,19,29,18,65,42,4,0,63,0
2016,21,,99,64,13,125,10,15,0,0,5,0,5,1,3,0,3,1,35,57,2,0,12,39,163,0,61,1,0,2,16,7,5,16,15,1,0,39,0
2016,22,,383,75,60,314,26,58,0,1,7,0,12,1,5,1,0,1,104,72,0,0,2,252,458,1,261,11,0,9,3,35,12,33,66,2,0,25,0
2016,23,,247,126,31,283,21,38,0,0,6,0,24,4,3,0,0,0,27,138,0,0,6,165,373,3,185,5,0,2,13,37,10,14,73,1,0,30,0
2016,24,,205,137,27,274,13,28,0,0,8,0,26,1,6,0,0,0,37,120,0,0,2,142,342,2,144,12,0,1,7,15,21,22,72,5,1,40,0
2016,25,,281,111,36,282,23,51,0,0,8,0,40,1,2,0,0,2,45,126,0,1,0,167,392,0,162,24,0,2,14,39,13,36,56,3,0,43,0
2016,26,,255,124,25,306,17,31,4,1,5,1,31,1,8,1,0,0,53,114,1,0,2,157,379,1,125,4,0,10,30,27,11,26,50,1,0,94,0
2016,27,,210,121,37,239,20,35,0,0,1,0,23,7,1,0,0,0,72,117,0,0,0,110,331,0,162,9,0,0,11,12,14,20,49,0,1,53,0
2016,28,,355,106,61,330,27,43,0,0,12,0,20,1,0,0,0,1,65,113,0,1,6,242,461,0,231,5,0,6,22,24,18,67,54,0,1,33,0
2016,29,,524,88,58,436,37,81,0,0,13,0,18,3,13,2,0,3,81,79,2,0,15,383,612,0,299,2,0,10,31,41,9,32,99,0,0,89,0
2016,30,,330,100,43,302,29,56,0,0,6,0,19,3,8,1,0,1,57,102,0,0,13,220,430,0,206,4,0,1,36,11,20,37,50,0,1,64,0
2016,31,,254,191,37,330,28,50,0,0,7,0,31,0,0,0,0,0,77,212,1,0,5,112,445,0,180,0,0,3,23,20,43,35,99,0,0,42,0
2016,32,,328,135,53,345,20,45,3,0,8,0,29,2,6,0,0,0,75,146,0,0,1,193,463,0,165,11,0,1,10,33,21,39,126,4,0,53,0
2016,33,,279,89,35,277,17,39,0,1,6,0,33,0,7,1,0,0,86,93,0,2,1,138,368,3,118,2,0,1,20,32,23,51,71,0,0,47,0
2016,34,,243,85,39,219,27,43,0,0,2,0,28,2,6,0,0,0,42,93,0,0,4,151,328,0,158,1,0,4,12,6,5,35,54,0,0,53,0
2016,35,,209,176,29,307,26,23,0,0,3,0,38,3,8,0,0,0,33,174,0,0,22,104,385,0,88,0,0,4,36,11,88,23,86,0,0,49,0
2016,36,,264,125,37,276,23,53,1,0,2,0,10,2,5,0,0,0,57,120,0,0,3,189,389,0,111,0,1,1,41,9,48,16,107,0,2,53,0
2016,37,,138,55,13,148,10,22,0,0,1,0,9,5,9,0,0,0,26,55,0,0,0,88,193,1,51,1,0,2,33,38,9,17,15,0,3,23,0
2016,38,,470,109,47,442,22,68,0,0,6,0,39,0,3,0,0,0,12,79,0,1,0,439,579,0,388,1,0,1,25,21,29,23,68,0,2,21,0
2016,39,,269,76,39,240,30,36,0,1,15,0,13,2,1,0,0,0,57,68,0,0,2,186,345,2,153,0,0,4,15,9,48,15,52,0,3,44,0
2016,40,,231,98,28,257,10,34,0,0,5,0,37,0,10,0,0,0,70,79,0,0,1,127,329,0,169,0,0,6,35,20,22,13,20,0,0,44,0
2016,41,,275,80,46,253,27,29,0,0,5,0,38,0,3,1,0,0,54,71,1,0,1,181,355,0,204,0,0,4,20,8,24,23,42,0,0,29,1
2016,42,,173,94,27,189,18,33,0,0,3,0,26,1,5,0,0,0,14,98,2,0,9,109,267,0,120,0,0,5,9,5,32,19,41,1,2,33,0
2016,43,,185,174,28,270,31,30,0,0,2,0,17,0,4,0,0,0,52,169,0,0,0,115,359,0,91,3,0,4,50,3,14,22,121,1,2,48,0
2016,44,,216,87,30,201,30,42,0,0,2,0,18,0,4,1,0,0,55,94,1,1,1,126,303,0,128,0,0,5,11,6,17,25,65,0,2,44,0
2016,45,,231,95,44,213,24,45,0,1,5,0,14,0,7,0,0,0,48,92,1,1,3,154,326,1,99,21,0,1,5,4,14,23,92,0,0,66,0
2016,46,,347,78,54,266,35,70,0,0,23,3,27,1,0,0,0,0,80,91,0,1,3,196,425,0,229,0,0,1,7,3,45,26,51,0,0,63,0
2016,47,,301,92,33,304,25,31,1,0,3,1,20,0,4,1,0,0,51,93,0,1,3,215,393,0,227,3,0,2,25,0,25,24,52,1,0,34,0
2016,48,,267,54,25,236,11,49,0,0,4,0,7,5,4,1,0,1,84,63,0,0,6,146,321,0,144,2,0,1,7,4,30,25,83,0,0,25,0
2016,49,,225,60,31,181,25,48,2,1,1,0,7,1,1,0,0,0,86,68,1,0,2,115,285,0,167,3,0,1,15,5,8,21,36,0,0,29,0
2016,50,,181,41,20,170,14,18,34,0,5,0,4,65,0,0,0,0,26,38,1,0,0,49,222,0,101,0,0,1,6,17,41,22,16,0,1,17,0
2016,51,,154,36,17,143,9,21,0,0,2,0,8,21,1,1,0,2,16,37,0,0,0,102,190,0,111,0,0,4,17,10,2,5,8,0,0,33,0
2016,52,,116,27,17,92,11,23,0,0,4,0,20,2,1,0,0,0,40,28,0,0,0,48,143,0,42,0,0,3,10,16,3,2,13,0,0,54,0
2016,53,,41,27,5,57,1,5,0,0,7,0,2,1,10,0,0,2,7,32,0,0,0,7,68,0,9,6,0,1,14,6,1,3,8,1,0,19,0
2017,1,,107,46,9,131,0,13,0,0,3,0,11,1,2,0,0,0,51,52,1,0,2,30,153,0,40,0,0,1,9,24,4,9,16,0,1,49,0
2017,2,,160,42,22,153,10,17,0,0,2,0,3,12,0,0,0,1,67,35,0,1,2,79,202,0,75,2,0,9,18,17,4,11,18,0,0,48,0
2017,3,,142,46,21,144,6,17,0,0,0,0,10,0,0,0,0,0,43,41,0,0,2,92,188,0,61,1,0,0,10,46,5,22,13,0,0,28,2
2017,4,,91,25,14,91,6,5,0,0,2,0,14,6,3,1,0,0,15,30,0,0,1,44,116,0,35,0,0,1,8,30,2,11,12,0,0,17,0
2017,5,,115,103,13,176,5,24,0,0,1,0,27,0,4,0,0,3,51,84,1,0,10,37,218,0,83,0,0,4,40,19,4,11,10,3,1,35,8
2017,6,,207,63,33,193,9,35,1,0,7,0,27,7,3,3,0,1,75,72,0,1,3,70,270,0,113,6,0,3,33,7,11,26,42,2,0,23,4
2017,7,,173,201,38,295,16,25,0,78,4,0,24,5,1,0,0,1,44,115,0,2,3,97,374,0,84,0,0,2,75,3,121,20,36,0,1,32,0
2017,8,,297,190,27,420,12,28,0,17,5,0,136,40,1,0,0,1,36,128,1,0,1,121,487,1,131,14,9,8,123,14,25,49,70,6,0,35,2
2017,9,,179,102,22,219,10,30,0,0,8,0,54,8,11,0,0,0,20,91,2,1,1,85,281,2,74,13,0,8,36,19,13,31,52,0,0,33,0
2017,10,,151,62,21,170,9,13,0,0,3,1,47,11,1,0,0,0,25,42,0,1,2,80,213,0,73,14,0,2,42,6,4,14,28,2,0,28,0
2017,11,,231,64,34,212,16,33,0,0,1,0,49,9,1,0,0,2,13,70,1,2,4,143,295,1,97,13,0,37,30,17,8,14,28,1,1,47,1
2017,12,,245,103,35,256,24,33,0,0,2,0,19,1,5,0,0,3,35,104,0,0,1,178,348,2,48,46,0,12,16,10,37,31,68,0,2,76,0
2017,13,,117,65,8,144,6,24,0,0,0,0,14,1,2,0,0,1,17,66,1,0,0,80,182,1,15,29,0,5,29,4,26,7,33,1,0,32,0
2017,14,,369,83,63,275,46,68,89,0,2,0,12,2,3,0,0,5,33,70,0,0,1,235,452,0,49,15,0,11,49,6,65,25,144,1,0,87,0
2017,15,,96,89,12,155,5,13,1,1,1,0,32,0,3,0,0,2,29,67,1,0,10,38,185,0,17,5,0,12,38,14,19,9,29,0,0,41,1
2017,16,,114,94,15,152,15,26,0,0,4,0,15,4,0,0,1,0,27,83,0,1,3,70,208,0,21,0,0,11,24,30,35,13,39,0,0,35,0
2017,17,,148,161,25,242,15,27,0,0,2,0,19,10,2,0,0,1,19,148,0,0,4,104,309,0,12,7,0,5,48,1,59,22,56,0,0,95,4
2017,18,,114,157,15,215,15,26,0,0,0,0,22,2,5,2,0,2,32,152,0,0,1,53,271,0,25,3,0,20,25,20,39,18,38,0,0,83,0
2017,19,,129,59,28,137,7,16,0,1,3,0,15,1,4,0,3,1,12,43,0,0,0,105,188,0,40,12,0,1,16,57,8,20,15,0,1,18,0
2017,20,,110,58,15,118,11,24,0,0,2,0,33,23,0,0,0,3,17,40,0,0,1,49,168,0,18,1,0,3,23,55,20,13,9,0,0,26,0
2017,21,,153,33,23,128,21,14,0,0,9,0,26,0,1,0,0,2,36,29,1,0,1,81,186,0,37,11,0,4,21,47,13,37,6,0,0,10,0
2017,22,,91,83,12,144,8,10,0,1,10,0,18,2,0,0,0,0,48,66,0,0,2,27,174,0,25,0,0,7,53,40,5,4,12,0,2,26,0
2017,23,,119,56,10,133,14,18,0,1,1,0,12,0,0,0,0,1,27,55,0,1,1,76,175,0,21,2,0,1,59,40,5,20,13,0,1,12,1
2017,24,,100,71,5,144,12,10,0,0,1,0,9,7,4,2,0,3,16,82,0,0,0,47,171,0,28,2,0,1,31,34,5,25,16,0,0,29,0
2017,25,,145,85,22,184,6,18,0,1,2,0,51,3,0,0,0,0,21,68,0,1,0,83,230,0,9,35,0,3,40,53,11,18,24,0,21,16,0
2017,26,,195,91,27,224,14,21,0,1,0,0,20,4,0,0,0,2,45,77,0,0,6,131,286,0,1,43,15,8,60,76,6,19,15,0,24,19,0
2017,27,,123,46,14,119,14,22,0,0,11,0,11,1,2,0,0,1,32,51,0,0,2,58,169,0,21,29,0,5,20,34,3,23,6,0,0,28,0
2017,28,,173,45,33,145,16,24,0,0,1,0,19,3,2,0,0,0,26,37,0,0,5,125,218,3,18,27,0,1,8,82,7,18,8,0,0,46,0
2017,29,,226,69,41,190,30,34,0,1,1,0,48,3,0,0,0,2,32,68,2,0,8,130,295,0,25,78,0,6,9,56,16,24,43,0,0,38,0
2017,30,,140,33,17,126,12,18,0,0,1,0,32,2,1,0,0,0,17,27,0,0,1,92,173,0,29,37,0,1,10,37,14,11,13,0,1,20,0
2017,31,,158,25,22,136,12,13,0,0,5,0,23,6,3,0,0,5,37,22,0,1,0,81,183,0,11,52,1,7,7,51,10,14,10,0,0,20,0
2017,32,,107,74,24,134,12,11,0,0,5,0,56,1,2,0,1,1,13,38,0,1,1,62,181,0,5,28,0,1,41,1,8,45,22,0,4,26,0
2017,33,,177,38,36,125,28,26,0,0,2,0,12,0,3,0,0,0,40,39,1,1,0,117,215,0,15,104,0,10,11,0,13,22,9,0,4,27,0
2017,34,,90,21,20,67,4,20,0,0,2,0,11,0,0,1,0,0,24,22,1,1,3,46,111,0,11,12,2,2,17,1,5,35,5,0,0,21,0
2017,35,,61,46,5,92,3,7,0,0,2,0,9,0,0,0,0,1,9,45,1,0,0,40,107,0,2,32,0,1,16,16,0,11,13,0,0,16,0
2017,36,,147,20,12,140,6,9,0,0,4,0,8,28,0,1,0,13,22,21,1,0,0,69,167,0,7,30,0,3,8,72,20,3,7,0,2,15,0
2017,37,,145,20,28,117,7,13,0,0,5,0,13,3,1,0,0,2,14,17,0,0,0,110,165,0,0,23,0,0,10,93,5,8,11,0,1,14,0
2017,38,,151,141,39,229,5,19,0,0,5,0,9,1,3,0,0,1,31,83,2,0,1,156,292,0,5,4,0,3,8,64,59,25,98,0,0,26,0
2017,39,,233,29,43,168,16,35,0,0,1,0,12,0,4,0,0,2,46,34,1,1,1,160,262,0,20,23,0,0,16,1,11,25,119,0,0,47,0
2017,40,,226,62,43,193,22,30,0,0,3,0,1,2,4,0,0,2,39,48,1,0,1,187,288,0,20,42,0,1,6,145,19,7,36,0,0,12,0
2017,41,,195,49,37,164,20,23,0,0,4,0,13,0,1,1,0,0,25,35,0,0,1,164,244,0,7,71,0,2,13,72,5,41,19,0,0,14,0
2017,42,,138,29,7,148,5,7,0,1,1,0,8,91,1,0,0,0,16,27,3,0,1,18,167,0,1,6,0,8,14,0,13,99,3,1,0,22,0
2017,43,,56,23,14,56,1,8,0,0,3,0,14,1,0,0,0,1,32,7,1,0,0,20,79,0,0,20,0,3,20,0,3,10,0,0,0,23,0
2017,44,,56,25,2,58,6,15,0,0,4,0,15,0,0,0,0,0,19,28,5,0,0,10,81,0,1,3,0,6,18,1,5,5,15,0,0,27,0
2017,45,,65,43,8,89,4,7,0,0,3,0,25,0,1,1,0,1,13,44,3,1,1,15,108,0,8,22,0,0,9,0,12,8,27,0,0,22,0
2017,46,,170,54,18,174,14,18,0,0,1,0,16,0,0,0,0,0,46,45,0,1,2,113,224,0,77,8,0,1,10,0,9,2,6,1,0,110,0
2017,47,,158,46,21,156,13,14,0,0,0,0,38,0,1,0,0,2,58,36,6,0,0,63,204,0,4,30,0,17,7,39,4,3,7,0,0,93,0
2017,48,,159,44,10,159,8,26,0,0,1,0,44,0,0,0,0,2,12,36,6,0,0,102,203,0,2,29,0,9,8,43,5,10,11,0,0,86,0
2017,49,,118,43,14,128,10,9,0,0,1,0,48,0,5,0,0,0,26,34,3,0,2,42,161,0,10,23,0,4,3,43,8,18,23,0,0,29,0
2017,50,,102,21,28,61,11,23,0,0,0,0,28,0,4,0,0,0,10,23,0,0,1,57,123,0,8,23,0,1,1,53,4,1,24,0,0,8,0
2017,51,,93,26,17,77,6,19,0,0,3,0,15,7,2,0,0,1,16,28,2,0,0,45,119,0,8,8,0,6,1,41,8,6,28,2,0,11,0
2017,52,,156,55,26,145,13,27,0,0,0,0,30,0,2,0,0,1,35,47,1,1,1,93,211,0,12,19,0,2,10,23,7,8,74,0,0,56,0
2018,1,,55,28,6,61,6,10,0,0,0,0,8,0,0,0,0,1,9,28,0,0,0,37,83,0,0,8,0,1,1,0,9,5,22,0,0,37,0
2018,2,,1,4,0,5,0,0,0,0,0,0,0,0,0,0,0,0,1,4,0,0,0,0,5,0,0,0,0,0,0,0,3,2,0,0,0,0,0
