year,week,status,Adult - Female,Adult - Male,Child - Female,Child - Male,Aleppo,Damascus,Damascus Suburbs,Daraa,Deir Ezzor,Hama,Hasakeh,Homs,Idlib,Lattakia,Quneitra,Raqqa,Sweida,Tartous,Chemical and toxic gases,Detention - Execution,Detention - Torture,Detention - Torture - Execution,Explosion,Field Execution,Kidnapping - Execution,Kidnapping - Torture,Kidnapping - Torture - Execution,Other,Shelling,Shooting,Siege,Un-allowed to seek Medical help,Unknown,Warplane shelling,total
2011,11,Civilian,0,10,0,2,0,0,0,12,0,0,0,0,0,0,0,0,0,0,0,0,0,0,0,0,0,0,0,2,0,10,0,0,0,0,12
2011,11,Non-Civilian,0,0,0,0,0,0,0,0,0,0,0,0,0,0,0,0,0,0,0,0,0,0,0,0,0,0,0,0,0,0,0,0,0,0,0
2011,12,Civilian,0,170,4,8,0,0,0,143,0,0,0,0,0,39,0,0,0,0,0,0,0,0,0,0,0,0,0,0,0,182,0,0,0,0,182
2011,12,Non-Civilian,0,2,0,0,0,0,0,0,0,0,0,2,0,0,0,0,0,0,0,0,0,0,0,0,0,0,0,0,0,2,0,0,0,0,2
2011,13,Civilian,2,27,0,1,0,0,12,2,0,0,0,10,1,5,0,0,0,0,0,0,1,1,0,0,0,0,1,1,0,26,0,0,0,0,30
2011,13,Non-Civilian,0,2,0,0,0,0,0,1,0,0,0,0,0,1,0,0,0,0,0,0,0,0,0,1,0,0,0,0,0,1,0,0,0,0,2
2011,14,Civilian,0,15,0,1,0,0,2,7,3,0,0,4,0,0,0,0,0,0,0,0,0,0,0,0,0,0,0,1,0,15,0,0,0,0,16
2011,14,Non-Civilian,0,2,0,0,1,0,0,0,0,0,0,0,0,1,0,0,0,0,0,0,0,0,0,0,0,0,0,0,0,2,0,0,0,0,2
2011,15,Civilian,0,35,0,2,0,0,0,0,2,0,0,16,1,17,0,0,0,1,0,0,2,0,0,1,0,0,0,0,0,34,0,0,0,0,37
2011,15,Non-Civilian,0,2,0,0,0,0,0,1,0,0,0,1,0,0,0,0,0,0,0,0,1,0,0,0,0,0,0,0,0,1,0,0,0,0,2
2011,16,Civilian,2,203,2,14,0,34,52,35,1,14,0,53,1,27,0,0,1,3,0,0,0,0,1,0,0,0,0,1,0,219,0,0,0,0,221
2011,16,Non-Civilian,0,9,0,0,0,0,1,2,1,1,1,1,0,2,0,0,0,0,0,1,0,0,0,2,0,0,0,0,0,6,0,0,0,0,9
2011,17,Civilian,2,275,6,13,0,0,15,208,2,5,0,51,2,13,0,0,0,0,0,0,16,0,0,0,0,0,0,0,10,268,0,2,0,0,296
2011,17,Non-Civilian,0,19,0,0,0,2,0,4,1,4,3,3,2,0,0,0,0,0,0,0,0,0,0,7,0,0,0,0,0,12,0,0,0,0,19
2011,18,Civilian,6,81,0,10,0,0,3,16,5,20,2,23,14,5,0,0,0,9,0,0,0,0,0,3,0,0,2,0,0,92,0,0,0,0,97
2011,18,Non-Civilian,0,8,0,0,0,0,1,1,0,0,0,1,4,0,0,1,0,0,0,0,0,0,0,2,0,0,0,0,0,6,0,0,0,0,8
2011,19,Civilian,8,55,0,0,0,1,1,36,0,0,0,23,0,0,0,0,0,2,0,0,2,0,0,8,0,0,0,1,0,52,0,0,0,0,63
2011,19,Non-Civilian,0,5,0,0,0,0,1,1,0,0,0,2,1,0,0,0,0,0,0,0,0,0,0,1,0,0,0,0,0,4,0,0,0,0,5
2011,20,Civilian,2,165,1,12,0,2,10,42,6,3,0,74,36,3,0,0,0,4,0,4,13,1,0,18,0,0,0,3,2,139,0,0,0,0,180
2011,20,Non-Civilian,0,11,0,0,0,0,3,1,0,0,2,1,4,0,0,0,0,0,0,0,3,0,0,0,0,0,0,0,0,8,0,0,0,0,11
2011,21,Civilian,3,40,1,1,1,0,7,8,0,3,0,24,1,1,0,0,0,0,0,0,4,2,0,4,0,0,0,0,0,35,0,0,0,0,45
2011,21,Non-Civilian,0,6,0,0,0,0,0,1,0,0,0,4,0,1,0,0,0,0,0,0,0,0,0,2,0,0,0,0,0,4,0,0,0,0,6
2011,22,Civilian,9,219,1,13,2,5,1,19,11,80,0,40,78,6,0,0,0,0,0,0,3,3,0,3,0,0,2,0,8,223,0,0,0,0,242
2011,22,Non-Civilian,0,11,0,0,0,1,0,0,0,0,0,4,6,0,0,0,0,0,0,0,0,0,0,1,0,0,0,0,0,10,0,0,0,0,11
2011,23,Civilian,1,99,0,5,0,44,2,2,2,1,0,8,25,21,0,0,0,0,0,0,2,0,0,0,0,0,0,1,0,102,0,0,0,0,105
2011,23,Non-Civilian,0,8,0,0,0,0,0,0,0,0,0,0,8,0,0,0,0,0,0,0,0,0,0,3,0,0,0,0,0,5,0,0,0,0,8
2011,24,Civilian,0,12,0,2,1,0,3,1,2,1,0,6,0,0,0,0,0,0,0,0,2,0,0,0,0,0,0,0,0,12,0,0,0,0,14
2011,24,Non-Civilian,0,1,0,0,0,0,0,0,1,0,0,0,0,0,0,0,0,0,0,0,0,0,0,0,0,0,0,0,0,1,0,0,0,0,1
2011,25,Civilian,0,28,0,8,0,5,5,1,0,10,0,15,0,0,0,0,0,0,0,0,1,0,0,1,0,0,0,0,1,33,0,0,0,0,36
2011,25,Non-Civilian,0,1,0,0,0,0,0,0,0,0,0,0,1,0,0,0,0,0,0,0,0,0,0,0,0,0,0,1,0,0,0,0,0,0,1
2011,26,Civilian,3,39,0,2,2,9,1,1,2,0,1,15,12,1,0,0,0,0,0,0,3,0,1,0,0,0,0,2,0,38,0,0,0,0,44
2011,26,Non-Civilian,0,5,0,0,0,0,0,0,0,0,0,1,4,0,0,0,0,0,0,0,0,0,0,0,0,0,0,0,0,5,0,0,0,0,5
2011,27,Civilian,0,47,0,1,0,1,1,2,0,33,0,7,3,0,0,0,0,1,0,0,4,0,0,3,0,0,1,0,0,40,0,0,0,0,48
2011,27,Non-Civilian,0,2,0,0,0,0,0,1,0,1,0,0,0,0,0,0,0,0,0,0,0,0,0,1,0,0,0,0,0,1,0,0,0,0,2
2011,28,Civilian,1,52,0,9,3,16,5,2,11,1,0,12,11,1,0,0,0,0,0,0,2,0,0,0,0,0,0,1,0,59,0,0,0,0,62
2011,28,Non-Civilian,0,7,0,0,0,0,1,0,4,0,0,0,2,0,0,0,0,0,0,0,0,0,0,4,0,0,0,0,0,3,0,0,0,0,7
2011,29,Civilian,2,59,0,11,2,3,4,3,2,2,0,51,5,0,0,0,0,0,0,0,5,2,0,0,0,0,0,1,1,63,0,0,0,0,72
2011,29,Non-Civilian,0,6,0,0,0,0,0,2,1,0,0,1,0,2,0,0,0,0,0,0,2,0,0,0,0,0,0,0,0,4,0,0,0,0,6
2011,30,Civilian,2,281,5,14,0,4,27,25,50,175,0,10,9,2,0,0,0,0,0,1,1,0,0,2,0,1,1,4,2,290,0,0,0,0,302
2011,30,Non-Civilian,0,10,0,0,3,0,2,2,2,1,0,0,0,0,0,0,0,0,0,0,0,0,0,4,0,0,0,0,0,6,0,0,0,0,10
2011,31,Civilian,7,190,8,19,2,8,28,7,15,77,0,62,11,14,0,0,0,0,0,1,5,2,0,3,0,0,1,3,12,193,0,4,0,0,224
2011,31,Non-Civilian,0,10,0,0,0,0,3,0,0,0,0,4,1,2,0,0,0,0,0,0,0,0,0,4,0,0,0,0,3,3,0,0,0,0,10
2011,32,Civilian,13,147,8,10,4,0,8,9,14,39,1,37,8,58,0,0,0,0,0,1,18,0,0,3,0,0,0,0,5,151,0,0,0,0,178
2011,32,Non-Civilian,0,19,0,0,0,0,7,0,1,0,0,7,4,0,0,0,0,0,0,0,0,0,2,8,0,0,0,0,0,9,0,0,0,0,19
2011,33,Civilian,4,126,3,10,0,0,5,13,2,8,0,72,9,34,0,0,0,0,0,0,8,0,0,3,8,0,0,0,2,122,0,0,0,0,143
2011,33,Non-Civilian,0,3,0,0,0,0,0,1,0,1,0,1,0,0,0,0,0,0,0,0,0,0,0,1,0,0,0,0,0,2,0,0,0,0,3
2011,34,Civilian,1,57,0,6,0,3,6,2,11,7,0,18,10,7,0,0,0,0,0,1,7,1,0,2,2,0,0,2,2,47,0,0,0,0,64
2011,34,Non-Civilian,0,9,0,0,0,0,1,2,1,1,0,1,3,0,0,0,0,0,0,0,1,0,0,3,0,0,0,0,0,5,0,0,0,0,9
2011,35,Civilian,7,138,6,7,6,3,21,47,14,7,0,38,22,0,0,0,0,0,0,3,11,0,0,5,0,0,0,2,0,137,0,0,0,0,158
2011,35,Non-Civilian,0,5,0,0,1,0,0,0,0,0,0,2,2,0,0,0,0,0,0,0,0,0,0,0,0,0,0,0,0,5,0,0,0,0,5
2011,36,Civilian,4,81,2,9,0,3,7,5,5,10,0,49,13,4,0,0,0,0,0,2,9,0,0,3,1,0,1,1,1,78,0,0,0,0,96
2011,36,Non-Civilian,0,15,0,0,1,0,1,3,0,1,0,6,3,0,0,0,0,0,0,0,0,0,0,6,0,0,0,0,1,8,0,0,0,0,15
2011,37,Civilian,9,164,0,21,0,3,13,15,9,75,0,38,38,3,0,0,0,0,0,4,11,6,0,0,2,0,1,3,2,165,0,0,0,0,194
2011,37,Non-Civilian,0,21,0,0,2,2,2,0,2,2,0,4,5,2,0,0,0,0,0,0,0,0,0,0,0,0,0,0,0,21,0,0,0,0,21
2011,38,Civilian,5,61,1,5,1,1,8,2,0,11,0,40,7,1,0,0,1,0,0,1,5,3,0,0,0,0,0,0,3,60,0,0,0,0,72
2011,38,Non-Civilian,0,21,0,0,3,0,1,1,0,1,1,13,1,0,0,0,0,0,0,0,2,0,0,2,0,0,0,0,1,16,0,0,0,0,21
2011,39,Civilian,4,91,0,4,1,4,4,4,0,17,0,58,10,0,0,0,0,1,0,1,4,0,0,1,0,2,0,0,3,88,0,0,0,0,99
2011,39,Non-Civilian,0,19,0,3,0,0,1,4,1,4,0,9,3,0,0,0,0,0,0,0,6,0,1,2,0,0,0,0,0,13,0,0,0,0,22
2011,40,Civilian,2,95,1,6,0,0,12,3,1,16,2,57,5,4,0,0,0,4,0,1,11,1,0,1,0,1,0,0,1,88,0,0,0,0,104
2011,40,Non-Civilian,0,13,0,0,0,0,3,0,0,1,1,3,4,1,0,0,0,0,0,1,1,0,0,1,0,0,0,0,1,9,0,0,0,0,13
2011,41,Civilian,3,46,2,5,3,4,1,5,2,0,0,25,15,1,0,0,0,0,0,0,1,0,0,0,0,0,0,0,1,54,0,0,0,0,56
2011,41,Non-Civilian,0,7,0,0,0,0,2,1,0,1,0,0,2,0,1,0,0,0,0,0,0,0,0,0,0,0,0,0,0,7,0,0,0,0,7
2011,42,Civilian,5,129,3,5,1,0,5,10,1,13,0,104,8,0,0,0,0,0,0,2,5,0,0,0,1,0,0,0,3,131,0,0,0,0,142
2011,42,Non-Civilian,0,15,0,0,0,1,7,2,0,2,0,1,2,0,0,0,0,0,0,0,2,0,0,0,0,0,0,1,0,12,0,0,0,0,15
2011,43,Civilian,6,100,3,13,0,2,4,6,1,31,1,66,8,3,0,0,0,0,0,0,9,0,0,2,0,0,0,2,8,101,0,0,0,0,122
2011,43,Non-Civilian,0,11,0,0,0,0,2,1,1,2,0,2,2,0,0,1,0,0,0,0,0,0,0,5,0,0,0,0,0,6,0,0,0,0,11
2011,44,Civilian,3,160,0,9,1,1,11,2,2,16,0,127,11,1,0,0,0,0,0,0,1,0,0,15,8,1,5,0,1,141,0,0,0,0,172
2011,44,Non-Civilian,0,18,0,0,1,1,2,0,1,1,0,3,5,2,0,2,0,0,0,1,0,0,0,4,0,0,0,0,1,12,0,0,0,0,18
2011,45,Civilian,5,126,4,14,0,7,7,14,3,34,0,65,18,1,0,0,0,0,0,0,6,3,3,5,3,2,0,1,3,122,0,1,0,0,149
2011,45,Non-Civilian,0,17,0,0,0,0,2,3,0,1,1,5,5,0,0,0,0,0,0,0,1,0,0,4,0,0,0,0,0,12,0,0,0,0,17
2011,46,Civilian,4,202,4,18,0,0,18,42,9,28,1,76,54,0,0,0,0,0,0,0,14,4,1,8,1,0,2,0,9,189,0,0,0,0,228
2011,46,Non-Civilian,0,25,0,0,2,0,2,0,0,2,0,8,11,0,0,0,0,0,0,0,2,0,0,8,0,0,0,0,0,15,0,0,0,0,25
2011,47,Civilian,5,181,1,30,1,0,22,13,16,33,0,112,19,0,0,0,0,1,0,2,12,2,2,5,0,0,0,0,5,189,0,0,0,0,217
2011,47,Non-Civilian,0,28,0,0,0,1,1,6,0,2,0,11,5,0,0,2,0,0,0,1,0,0,0,8,0,0,0,0,1,18,0,0,0,0,28
2011,48,Civilian,16,200,8,21,4,5,15,3,1,39,2,124,45,6,0,0,0,1,0,1,8,2,3,5,4,0,1,0,11,210,0,0,0,0,245
2011,48,Non-Civilian,0,17,0,0,0,0,1,0,2,3,0,4,4,0,2,1,0,0,0,0,0,0,0,2,0,0,0,0,0,15,0,0,0,0,17
2011,49,Civilian,11,222,8,40,0,0,36,19,0,26,2,167,30,0,0,0,0,1,0,1,20,0,0,17,6,0,20,0,5,208,0,4,0,0,281
2011,49,Non-Civilian,0,23,0,0,2,1,4,2,0,4,0,0,10,0,0,0,0,0,0,0,2,0,0,0,0,0,0,0,4,17,0,0,0,0,23
2011,50,Civilian,14,201,3,20,0,4,6,19,7,43,3,93,61,2,0,0,0,0,0,1,11,0,0,2,1,0,1,0,15,204,0,3,0,0,238
2011,50,Non-Civilian,0,42,0,0,0,0,2,6,1,7,0,10,15,0,0,1,0,0,0,0,4,0,0,4,2,0,0,0,1,31,0,0,0,0,42
2011,51,Civilian,19,334,2,36,4,9,14,44,15,23,0,146,124,4,2,0,6,0,0,4,22,18,20,10,4,2,0,2,50,259,0,0,0,0,391
2011,51,Non-Civilian,0,58,0,1,0,0,16,2,0,9,0,6,26,0,0,0,0,0,0,0,2,2,3,3,0,0,0,2,9,38,0,0,0,0,59
2011,52,Civilian,12,240,7,16,2,6,25,17,6,60,0,126,26,6,0,0,0,1,0,5,8,4,2,4,1,0,2,0,31,212,0,6,0,0,275
2011,52,Non-Civilian,0,27,0,0,2,2,6,5,1,2,0,5,2,2,0,0,0,0,0,0,0,0,0,0,0,0,0,0,0,27,0,0,0,0,27
2012,1,Civilian,14,212,6,18,18,17,78,13,16,21,4,63,16,3,1,0,0,0,0,1,16,6,6,10,5,0,1,0,45,137,0,1,0,22,250
2012,1,Non-Civilian,0,94,0,1,13,4,27,2,2,6,0,16,21,1,2,1,0,0,0,0,9,0,3,4,0,0,0,4,4,71,0,0,0,0,95
2012,2,Civilian,7,145,5,11,6,0,30,3,24,12,3,57,31,1,1,0,0,0,0,1,7,1,7,2,3,2,0,1,5,115,0,0,0,24,168
2012,2,Non-Civilian,0,23,0,0,1,0,7,0,2,2,3,4,4,0,0,0,0,0,0,0,2,0,0,7,0,0,0,0,0,14,0,0,0,0,23
2012,3,Civilian,7,222,5,10,3,0,46,4,7,16,0,83,74,8,0,3,0,0,0,2,14,5,29,3,3,0,3,0,17,168,0,0,0,0,244
2012,3,Non-Civilian,0,48,0,0,5,0,12,3,2,6,2,5,12,1,0,0,0,0,0,2,5,0,8,1,0,0,0,0,0,32,0,0,0,0,48
2012,4,Civilian,23,330,4,34,15,13,93,33,4,48,0,151,27,7,0,0,0,0,0,2,11,0,0,22,7,0,0,3,47,297,0,2,0,0,391
2012,4,Non-Civilian,0,47,0,0,1,1,5,9,1,12,0,5,10,0,2,1,0,0,0,0,0,0,0,26,0,0,0,0,2,19,0,0,0,0,47
2012,5,Civilian,27,451,14,38,7,6,88,25,6,8,3,335,47,4,0,0,0,1,0,3,7,2,8,15,2,1,0,0,225,264,0,1,0,2,530
2012,5,Non-Civilian,0,57,0,0,1,2,7,8,0,1,1,22,14,0,1,0,0,0,0,0,2,0,0,11,0,0,0,0,5,39,0,0,0,0,57
2012,6,Civilian,49,389,24,49,13,7,62,35,4,16,1,321,48,4,0,0,0,0,0,0,5,3,3,30,4,1,1,2,194,264,0,4,0,0,511
2012,6,Non-Civilian,0,111,0,0,12,6,29,19,7,3,1,22,10,1,0,1,0,0,0,0,0,0,2,24,0,0,0,0,8,77,0,0,0,0,111
2012,7,Civilian,8,257,9,19,15,19,27,26,18,40,0,73,73,2,0,0,0,0,0,1,5,0,1,48,3,0,0,7,66,158,0,4,0,0,293
2012,7,Non-Civilian,0,67,0,0,12,0,7,12,1,8,2,15,8,0,0,2,0,0,0,0,2,0,1,12,1,0,0,0,13,38,0,0,0,0,67
2012,8,Civilian,12,373,19,47,18,7,9,29,10,71,15,165,121,1,4,1,0,0,0,5,7,0,1,57,8,0,0,4,126,243,0,0,0,0,451
2012,8,Non-Civilian,0,29,0,0,5,0,3,1,2,0,1,11,4,0,0,2,0,0,0,0,1,0,0,10,0,0,0,0,2,16,0,0,0,0,29
2012,9,Civilian,17,339,23,35,36,2,37,15,19,44,0,187,70,3,1,0,0,0,0,5,12,9,8,44,3,0,0,1,128,204,0,0,0,0,414
2012,9,Non-Civilian,0,86,0,0,4,8,13,16,7,3,0,15,12,0,4,4,0,0,0,0,0,2,0,27,0,0,0,0,5,50,0,0,0,2,86
2012,10,Civilian,31,321,26,39,10,4,13,23,8,20,1,235,102,1,0,0,0,0,0,2,7,1,0,168,2,0,1,0,79,153,0,3,0,1,417
2012,10,Non-Civilian,0,69,0,0,10,1,16,9,0,0,1,13,18,1,0,0,0,0,0,0,1,0,2,1,0,0,0,0,3,62,0,0,0,0,69
2012,11,Civilian,10,380,7,27,11,0,26,39,4,26,1,114,169,5,3,25,0,1,0,2,8,7,3,79,2,1,37,0,44,238,0,2,0,1,424
2012,11,Non-Civilian,0,85,0,0,7,1,10,8,21,10,3,5,19,1,0,0,0,0,0,0,3,3,0,4,0,0,0,0,10,65,0,0,0,0,85
2012,12,Civilian,27,381,29,29,24,4,13,36,9,37,3,210,121,7,0,2,0,0,0,3,14,5,0,40,4,7,2,0,120,269,0,2,0,0,466
2012,12,Non-Civilian,0,72,0,0,3,0,8,12,4,15,0,17,12,0,1,0,0,0,0,2,1,2,0,6,0,0,0,0,13,48,0,0,0,0,72
2012,13,Civilian,24,322,17,34,17,6,22,35,24,41,1,143,107,1,0,0,0,0,0,7,19,1,0,36,2,10,1,0,135,184,0,2,0,0,397
2012,13,Non-Civilian,0,77,0,0,2,1,7,30,5,1,2,15,13,1,0,0,0,0,0,0,2,0,0,20,1,0,0,0,13,41,0,0,0,0,77
2012,14,Civilian,32,531,16,27,36,3,29,13,7,122,0,223,173,0,0,0,0,0,0,1,18,3,7,55,4,1,2,2,339,169,0,0,0,5,606
2012,14,Non-Civilian,0,70,0,0,7,0,10,2,3,14,1,16,16,1,0,0,0,0,0,0,3,0,0,2,0,0,0,0,27,38,0,0,0,0,70
2012,15,Civilian,35,443,24,32,46,3,32,11,5,55,2,323,57,0,0,0,0,0,0,0,11,0,0,207,5,0,3,4,179,125,0,0,0,0,534
2012,15,Non-Civilian,0,62,0,0,0,2,5,18,0,8,1,13,11,2,0,0,0,2,0,10,0,0,1,10,0,0,0,0,4,37,0,0,0,0,62
2012,16,Civilian,13,385,3,11,28,14,35,29,12,27,2,215,48,2,0,0,0,0,0,0,22,1,2,15,4,0,2,1,175,187,0,3,0,0,412
2012,16,Non-Civilian,0,132,0,1,17,7,6,4,7,0,1,19,72,0,0,0,0,0,0,1,1,1,0,2,0,0,0,0,65,63,0,0,0,0,133
2012,17,Civilian,27,269,11,26,17,10,28,10,19,124,0,77,47,0,0,1,0,0,0,0,3,0,9,38,10,1,2,1,165,104,0,0,0,0,333
2012,17,Non-Civilian,0,60,0,0,0,0,12,5,4,7,2,17,13,0,0,0,0,0,0,5,2,0,1,0,7,1,0,0,10,34,0,0,0,0,60
2012,18,Civilian,12,207,6,17,13,26,8,17,11,21,0,107,36,0,0,1,2,0,0,2,5,5,9,13,1,0,0,0,81,126,0,0,0,0,242
2012,18,Non-Civilian,0,66,0,0,4,5,16,4,5,4,2,11,15,0,0,0,0,0,0,0,1,0,6,0,0,0,0,0,4,55,0,0,0,0,66
2012,19,Civilian,45,258,7,25,16,36,54,19,10,53,5,101,41,0,0,0,0,0,0,2,11,0,51,39,6,1,1,5,49,170,0,0,0,0,335
2012,19,Non-Civilian,0,77,0,0,2,1,14,0,19,14,2,11,12,1,0,1,0,0,0,0,1,0,2,0,0,0,0,0,9,65,0,0,0,0,77
2012,20,Civilian,11,223,13,38,12,13,42,13,14,51,0,88,48,0,0,0,0,4,0,3,11,2,10,44,6,0,3,0,44,162,0,0,0,0,285
2012,20,Non-Civilian,0,60,0,0,3,0,5,5,5,3,1,11,23,2,0,1,1,0,0,0,0,2,3,0,2,0,0,0,2,51,0,0,0,0,60
2012,21,Civilian,44,244,35,88,30,18,34,27,9,88,5,170,27,1,0,0,0,2,0,2,7,0,5,129,7,3,5,0,84,164,0,0,0,5,411
2012,21,Non-Civilian,0,82,0,0,2,6,11,10,4,15,3,20,6,1,0,3,0,1,0,2,1,0,2,10,0,0,0,0,12,55,0,0,0,0,82
2012,22,Civilian,17,273,4,40,30,8,76,25,32,31,2,106,21,2,0,1,0,0,0,2,7,4,9,17,30,1,19,3,76,164,0,1,0,1,334
2012,22,Non-Civilian,0,106,0,1,8,8,16,17,6,4,1,35,12,0,0,0,0,0,0,1,0,0,6,2,1,0,0,1,23,73,0,0,0,0,107
2012,23,Civilian,33,389,14,36,24,18,44,34,9,113,6,107,45,70,0,2,0,0,0,4,6,1,7,105,3,0,0,3,160,174,0,2,0,7,472
2012,23,Non-Civilian,0,91,0,2,5,6,11,9,0,8,3,19,17,11,1,3,0,0,0,1,0,0,5,3,1,0,0,1,15,67,0,0,0,0,93
2012,24,Civilian,33,394,25,29,33,13,89,31,68,35,2,122,71,16,0,1,0,0,0,7,8,1,21,45,4,1,2,1,213,174,0,1,0,3,481
2012,24,Non-Civilian,0,87,0,2,4,3,7,15,6,3,4,28,14,1,0,3,0,1,0,0,0,0,0,3,1,0,0,0,35,50,0,0,0,0,89
2012,25,Civilian,37,507,25,59,50,12,158,93,118,61,0,89,34,13,0,0,0,0,0,2,8,3,0,39,4,0,2,1,346,221,0,0,0,2,628
2012,25,Non-Civilian,0,202,0,0,13,4,59,30,17,6,4,54,10,5,0,0,0,0,0,0,2,0,3,28,0,0,0,1,40,128,0,0,0,0,202
2012,26,Civilian,80,571,23,59,52,14,258,89,105,25,1,79,103,6,1,0,0,0,0,3,8,1,78,82,4,2,0,0,366,182,0,1,0,6,733
2012,26,Non-Civilian,0,145,0,0,9,4,33,29,25,10,3,19,13,0,0,0,0,0,0,0,1,1,5,5,0,0,0,0,44,89,0,0,0,0,145
2012,27,Civilian,49,406,17,61,58,19,117,52,69,40,1,79,90,4,1,1,2,0,0,8,15,5,9,42,7,0,1,2,264,178,0,0,0,2,533
2012,27,Non-Civilian,0,116,0,1,12,4,29,14,15,5,0,20,15,1,0,2,0,0,0,0,0,0,2,8,0,0,0,1,43,63,0,0,0,0,117
2012,28,Civilian,53,468,16,69,30,31,81,50,99,111,4,106,89,3,0,0,2,0,0,0,17,2,12,11,11,0,5,4,307,230,0,0,0,7,606
2012,28,Non-Civilian,0,211,0,1,37,7,23,11,33,5,2,58,30,5,0,1,0,0,0,0,5,0,0,7,14,0,2,0,39,145,0,0,0,0,212
2012,29,Civilian,79,1118,59,105,132,235,348,84,131,123,4,138,136,17,7,3,2,1,0,7,13,9,7,58,2,0,1,0,624,497,0,1,0,142,1361
2012,29,Non-Civilian,0,288,0,3,42,29,53,17,16,34,0,60,30,2,4,2,2,0,0,1,2,0,0,6,0,0,0,0,57,222,0,0,0,3,291
2012,30,Civilian,100,969,51,102,241,144,215,163,95,75,20,115,130,20,1,3,0,0,0,9,11,6,4,168,5,2,3,2,538,466,0,1,0,7,1222
2012,30,Non-Civilian,0,272,0,0,36,23,32,58,29,15,7,39,24,7,1,1,0,0,0,1,6,1,2,7,4,4,0,0,43,203,0,0,0,1,272
2012,31,Civilian,59,630,20,58,99,110,192,92,64,51,0,59,89,7,1,3,0,0,0,9,5,4,2,131,4,1,2,1,362,235,0,0,0,11,767
2012,31,Non-Civilian,0,196,0,0,32,18,38,16,30,10,1,32,17,0,0,1,1,0,0,2,0,0,1,4,0,0,0,0,44,142,0,0,0,3,196
2012,32,Civilian,115,889,47,113,283,55,243,102,74,37,2,162,186,12,1,5,0,2,0,45,9,15,4,110,13,0,1,3,586,298,0,1,0,79,1164
2012,32,Non-Civilian,0,232,0,4,37,6,40,29,22,10,0,26,60,4,1,1,0,0,0,0,0,4,0,3,0,0,0,1,41,182,0,0,0,5,236
2012,33,Civilian,112,894,49,110,280,88,333,116,98,27,3,119,91,7,2,1,0,0,0,31,30,8,1,142,11,2,6,0,564,241,0,0,0,129,1165
2012,33,Non-Civilian,0,231,0,1,32,16,23,36,28,8,2,33,52,0,0,1,1,0,0,0,0,0,0,13,0,0,2,0,44,168,0,0,0,5,232
2012,34,Civilian,140,1358,68,127,240,180,659,218,111,51,1,64,156,8,0,2,0,3,0,60,13,12,3,378,17,0,1,4,612,436,0,0,0,157,1693
2012,34,Non-Civilian,0,191,0,2,38,5,26,36,12,13,3,11,41,5,3,0,0,0,0,4,0,0,0,8,0,0,0,0,32,142,0,0,0,7,193
2012,35,Civilian,95,953,43,101,105,157,405,124,85,85,2,63,145,12,1,8,0,0,0,13,14,13,2,280,4,3,1,0,482,292,0,1,0,87,1192
2012,35,Non-Civilian,0,237,0,0,25,10,70,22,9,11,1,42,31,13,0,2,1,0,0,2,0,1,0,6,0,0,1,0,31,192,0,0,0,4,237
2012,36,Civilian,69,739,42,91,282,97,211,74,78,33,0,56,69,35,0,1,4,1,0,5,10,4,12,189,5,0,0,2,370,209,0,1,0,134,941
2012,36,Non-Civilian,0,214,0,1,33,7,34,21,35,15,1,18,31,16,1,1,0,2,0,2,0,0,1,4,4,0,1,0,26,170,0,0,0,7,215
2012,37,Civilian,116,1066,38,75,412,214,234,98,113,61,2,38,90,30,0,0,0,3,0,10,22,26,18,431,8,1,1,2,379,197,0,1,0,199,1295
2012,37,Non-Civilian,0,167,0,0,34,16,35,17,12,8,2,12,28,3,0,0,0,0,0,0,0,0,2,7,0,0,0,0,19,137,0,0,0,2,167
2012,38,Civilian,157,905,64,93,263,271,224,75,52,82,4,103,84,5,0,56,0,0,0,15,17,5,2,273,10,2,5,0,384,364,0,0,0,142,1219
2012,38,Non-Civilian,0,208,0,0,70,21,21,20,10,9,0,39,8,2,1,5,1,1,0,1,1,1,1,8,0,0,0,0,20,174,0,0,0,2,208
2012,39,Civilian,115,1132,38,78,255,162,369,71,272,77,3,64,80,8,0,1,1,0,0,18,16,9,1,597,10,0,2,2,306,267,0,0,0,135,1363
2012,39,Non-Civilian,0,201,0,0,44,7,17,20,47,13,0,33,9,3,6,2,0,0,0,1,2,0,2,12,0,0,0,0,22,158,0,0,0,4,201
2012,40,Civilian,90,777,31,77,233,38,323,103,70,45,0,77,71,10,2,0,2,1,0,10,22,4,10,162,3,2,3,2,353,272,0,2,0,130,975
2012,40,Non-Civilian,0,269,0,2,47,4,60,27,30,15,0,33,30,17,0,7,1,0,0,0,3,0,2,8,0,0,0,0,44,210,0,0,0,4,271
2012,41,Civilian,90,835,23,95,230,60,266,93,59,31,0,86,198,6,0,6,0,8,0,11,20,28,9,234,8,0,1,0,359,245,0,2,0,126,1043
2012,41,Non-Civilian,0,328,0,1,44,12,37,33,28,30,2,28,97,18,0,0,0,0,0,2,0,4,0,4,2,0,0,0,27,279,0,0,0,11,329
2012,42,Civilian,114,736,69,114,200,36,303,46,133,22,3,81,186,8,8,7,0,0,0,29,15,3,6,80,14,0,2,1,398,230,0,2,0,253,1033
2012,42,Non-Civilian,0,295,0,6,46,6,60,17,20,20,1,28,71,12,8,12,0,0,0,5,0,0,1,12,0,0,0,0,48,228,0,0,0,7,301
2012,43,Civilian,94,551,42,76,122,57,295,57,45,17,0,52,108,4,4,1,0,1,0,15,13,6,38,86,12,0,2,1,265,155,0,5,0,165,763
2012,43,Non-Civilian,0,205,0,3,55,3,58,8,19,5,2,11,42,1,0,3,0,1,0,0,0,0,3,1,1,0,0,0,29,160,0,1,0,13,208
2012,44,Civilian,121,839,73,108,233,74,388,55,32,38,0,61,243,9,2,6,0,0,0,4,22,10,17,101,0,5,8,0,425,238,0,4,0,307,1141
2012,44,Non-Civilian,0,386,0,3,70,7,80,23,51,15,0,46,87,7,3,0,0,0,0,0,5,0,5,4,0,0,0,0,49,317,0,0,0,9,389
2012,45,Civilian,123,779,41,88,150,98,342,70,67,26,1,38,214,4,8,13,0,0,0,23,14,0,7,144,0,2,11,2,310,242,0,2,0,274,1031
2012,45,Non-Civilian,0,336,0,1,89,22,54,26,40,5,0,21,48,4,1,27,0,0,0,0,0,0,4,12,0,0,0,0,35,267,0,0,0,19,337
2012,46,Civilian,79,532,28,77,135,72,274,34,25,16,19,63,73,1,0,4,0,0,0,2,15,3,7,75,12,3,1,2,271,179,0,0,0,146,716
2012,46,Non-Civilian,0,267,0,2,55,18,64,16,37,14,8,5,35,1,1,13,0,2,0,0,3,0,0,4,0,0,0,0,19,231,0,0,0,12,269
2012,47,Civilian,36,522,23,60,116,75,233,40,67,22,6,32,34,8,3,5,0,0,1,4,6,25,34,96,8,0,4,2,185,200,0,0,0,76,641
2012,47,Non-Civilian,0,315,0,3,66,17,85,22,26,14,6,12,31,26,7,5,0,1,0,2,0,1,0,9,0,0,0,0,34,258,0,0,0,14,318
2012,48,Civilian,75,651,54,112,163,73,367,58,41,25,0,63,88,0,1,13,0,0,0,5,11,8,82,95,9,0,0,1,349,145,0,3,0,184,892
2012,48,Non-Civilian,0,242,0,3,67,9,48,21,13,14,1,35,36,0,1,0,0,0,0,0,3,0,1,1,0,0,0,0,19,197,0,0,0,24,245
2012,49,Civilian,55,534,22,72,134,62,267,36,22,20,12,32,87,4,0,7,0,0,0,4,13,6,6,146,3,0,3,5,288,150,0,0,0,59,683
2012,49,Non-Civilian,0,290,0,2,27,6,115,48,23,11,0,16,43,2,0,1,0,0,0,0,2,4,2,25,0,0,0,1,44,211,0,0,0,3,292
2012,50,Civilian,102,738,54,111,305,139,260,49,37,80,5,56,59,0,6,5,0,4,0,2,28,6,27,217,3,2,0,5,362,204,0,3,0,146,1005
2012,50,Non-Civilian,0,403,0,4,70,16,81,35,70,25,11,16,74,6,0,3,0,0,0,0,2,1,1,4,0,0,0,0,47,352,0,0,0,0,407
2012,51,Civilian,86,703,26,118,173,128,228,145,34,129,1,53,29,2,4,6,1,0,6,2,23,6,66,175,6,1,1,0,319,223,0,1,0,104,933
2012,51,Non-Civilian,0,370,0,3,44,23,59,62,40,82,0,16,33,0,1,13,0,0,1,0,0,0,0,11,0,0,1,0,41,313,0,1,0,5,373
2012,52,Civilian,100,656,62,124,179,117,262,45,48,90,0,118,44,1,4,32,2,0,0,5,26,17,32,191,0,0,3,2,275,164,0,3,0,224,942
2012,52,Non-Civilian,0,370,0,0,59,2,48,36,28,41,3,27,97,0,13,14,1,1,0,3,3,0,3,4,0,0,0,0,29,315,0,0,0,13,370
2013,1,Civilian,99,562,47,77,123,76,284,56,29,60,1,94,49,1,1,8,3,0,0,11,33,1,12,105,26,0,5,3,281,130,0,1,0,177,785
2013,1,Non-Civilian,0,287,0,0,41,19,66,47,28,9,1,37,34,2,2,1,0,0,0,1,4,0,0,9,0,0,1,0,22,241,0,0,0,9,287
2013,2,Civilian,47,505,39,53,166,73,156,24,35,20,2,40,97,2,0,21,8,0,0,2,21,13,6,158,0,0,1,5,220,147,0,1,0,70,644
2013,2,Non-Civilian,0,186,0,1,37,9,39,22,20,20,1,7,20,0,2,9,1,0,0,0,0,0,2,11,1,0,0,0,17,153,0,0,0,3,187
2013,3,Civilian,178,843,99,156,279,68,403,54,13,81,5,240,96,7,10,18,0,2,0,15,40,3,39,178,16,5,2,1,356,131,0,5,0,485,1276
2013,3,Non-Civilian,0,341,0,0,61,10,39,67,35,24,16,34,39,3,0,12,0,1,0,0,3,4,4,11,0,0,0,0,27,281,0,0,0,11,341
2013,4,Civilian,81,469,46,87,153,37,199,64,31,51,9,70,56,7,1,5,0,0,0,4,14,7,11,84,10,0,9,1,299,166,0,3,0,75,683
2013,4,Non-Civilian,0,283,0,2,44,7,24,64,12,9,2,64,51,4,0,4,0,0,0,1,0,0,2,6,0,0,0,0,22,251,0,0,0,3,285
2013,5,Civilian,65,494,46,81,239,62,150,44,13,41,7,57,69,0,3,0,0,1,0,14,20,5,1,115,27,1,0,2,262,133,0,0,0,106,686
2013,5,Non-Civilian,0,317,0,2,30,17,102,23,27,20,5,47,34,1,1,11,0,1,0,2,3,1,1,7,1,0,0,0,20,282,0,0,0,2,319
2013,6,Civilian,89,621,44,78,231,99,165,64,29,117,0,88,34,1,1,3,0,0,0,8,32,0,98,173,6,1,2,1,339,102,0,1,0,69,832
2013,6,Non-Civilian,0,353,0,4,102,31,76,29,30,9,0,44,28,2,0,4,2,0,0,4,2,0,1,0,0,0,0,1,17,330,0,0,0,2,357
2013,7,Civilian,72,410,46,85,143,70,130,40,16,33,9,83,67,1,2,19,0,0,0,5,34,3,13,55,6,1,9,0,287,106,0,2,0,92,613
2013,7,Non-Civilian,0,439,0,2,124,24,39,61,82,23,4,51,30,0,0,3,0,0,0,1,1,0,1,0,0,0,0,0,21,409,0,0,0,8,441
2013,8,Civilian,101,622,70,143,286,125,281,83,12,18,8,57,47,0,1,17,1,0,0,5,16,9,75,41,1,2,2,4,480,125,0,2,0,174,936
2013,8,Non-Civilian,0,258,0,3,62,10,53,20,20,22,5,25,33,0,3,8,0,0,0,0,2,0,0,24,0,0,0,0,19,210,0,0,0,6,261
2013,9,Civilian,89,506,48,77,208,90,183,53,16,26,1,60,45,0,1,36,1,0,0,8,48,3,2,128,4,0,1,2,286,113,0,0,0,125,720
2013,9,Non-Civilian,0,312,0,2,78,24,52,38,30,26,3,24,23,1,3,9,0,3,0,0,6,2,4,5,0,0,0,0,41,251,0,0,0,5,314
2013,10,Civilian,85,533,32,88,150,77,183,30,23,37,10,58,110,5,2,53,0,0,0,8,31,3,23,123,12,0,1,1,322,128,0,3,0,83,738
2013,10,Non-Civilian,0,401,0,6,51,26,61,67,18,24,0,90,42,2,2,24,0,0,0,2,0,0,2,8,0,0,0,0,62,325,0,0,0,8,407
2013,11,Civilian,79,534,28,70,122,75,183,80,30,44,37,52,41,1,4,42,0,0,0,10,11,25,8,73,1,1,2,0,351,170,0,0,0,59,711
2013,11,Non-Civilian,0,341,0,6,49,13,68,41,39,15,0,89,25,5,0,2,0,1,0,0,3,1,0,4,0,0,0,1,27,308,0,1,0,2,347
2013,12,Civilian,87,588,43,103,200,115,257,30,22,44,4,88,33,4,16,6,2,0,28,8,54,12,48,40,7,0,1,0,341,138,0,2,0,142,821
2013,12,Non-Civilian,0,377,0,5,45,28,120,50,22,16,1,56,25,0,16,3,0,0,2,3,2,1,5,8,0,0,0,0,42,315,0,0,0,4,382
2013,13,Civilian,109,546,38,99,116,135,209,81,25,27,4,135,44,1,12,0,1,2,0,3,86,6,6,147,0,0,3,0,364,126,0,0,0,51,792
2013,13,Non-Civilian,0,377,0,0,41,22,95,42,45,16,3,59,41,2,4,7,0,0,0,2,0,0,0,3,0,0,0,0,39,323,0,0,0,10,377
2013,14,Civilian,97,494,32,108,179,86,186,39,40,49,5,62,73,6,4,2,0,0,0,8,67,4,1,71,1,2,4,6,362,106,0,0,0,99,731
2013,14,Non-Civilian,0,337,0,0,70,26,85,33,22,8,0,67,19,0,2,4,1,0,0,0,2,2,2,1,2,0,0,0,41,282,0,0,0,5,337
2013,15,Civilian,67,462,36,53,115,74,111,123,11,22,23,73,45,4,8,8,1,0,14,1,41,20,34,83,2,0,4,0,256,95,0,0,0,68,618
2013,15,Non-Civilian,0,415,0,4,72,11,87,16,24,29,1,97,75,5,1,1,0,0,1,2,1,2,0,0,0,0,0,0,37,372,0,0,0,4,419
2013,16,Civilian,74,526,43,103,166,49,240,38,43,24,1,84,78,2,8,13,0,0,0,1,36,67,1,127,2,2,1,0,376,98,0,0,0,35,746
2013,16,Non-Civilian,0,316,0,2,51,20,83,33,18,9,0,63,29,0,5,5,2,0,0,1,2,4,0,12,0,0,0,0,18,278,0,0,0,3,318
2013,17,Civilian,82,569,32,66,89,56,286,56,27,61,0,61,87,7,5,8,2,4,0,9,68,15,7,55,3,0,2,0,361,146,0,0,0,83,749
2013,17,Non-Civilian,0,414,0,4,98,12,49,52,22,43,0,84,42,1,3,12,0,0,0,1,4,0,6,12,0,0,0,0,33,340,0,0,0,22,418
2013,18,Civilian,116,570,39,80,125,61,107,34,28,63,2,103,46,6,9,22,0,199,1,3,49,11,36,262,3,2,3,3,278,91,0,1,0,62,805
2013,18,Non-Civilian,0,400,0,4,75,17,80,46,22,63,1,57,37,4,2,0,0,0,0,0,1,0,2,16,0,0,0,0,39,335,0,0,0,11,404
2013,19,Civilian,45,264,25,46,47,22,84,36,13,60,11,35,39,6,6,8,0,13,0,7,21,3,12,32,0,0,1,1,184,76,0,2,0,41,380
2013,19,Non-Civilian,0,298,0,1,48,7,68,55,11,32,1,42,24,2,7,2,0,0,0,2,2,0,1,1,0,0,0,0,18,274,0,0,0,1,299
2013,20,Civilian,43,351,36,50,73,27,82,19,30,27,3,130,52,8,8,17,0,4,1,13,28,1,12,90,2,0,1,0,228,62,0,1,0,41,480
2013,20,Non-Civilian,0,293,0,0,48,13,92,22,14,30,0,40,22,0,7,4,1,0,2,0,0,0,2,5,0,0,0,0,24,259,0,0,0,1,293
2013,21,Civilian,47,292,24,72,68,22,110,34,38,44,1,73,30,2,3,6,0,4,0,9,38,1,15,44,0,0,2,2,216,69,0,0,0,39,435
2013,21,Non-Civilian,0,418,0,3,65,16,128,29,10,9,0,114,44,0,3,2,0,1,6,0,4,0,9,0,0,0,0,0,28,371,0,0,0,3,421
2013,22,Civilian,60,369,35,56,124,38,152,42,15,24,1,73,30,1,1,19,0,0,1,50,83,4,6,11,1,2,0,6,239,100,0,1,0,16,520
2013,22,Non-Civilian,0,473,0,3,77,18,139,35,14,24,1,124,29,11,1,3,0,0,2,0,0,0,4,1,0,0,0,0,42,426,0,0,0,1,476
2013,23,Civilian,75,362,28,71,81,62,141,73,14,20,9,82,28,4,11,9,1,1,0,1,74,2,1,25,1,0,1,2,264,127,0,0,0,38,536
2013,23,Non-Civilian,0,358,0,3,53,11,69,45,30,31,0,82,14,1,15,10,0,0,0,1,2,0,9,0,0,0,0,0,27,316,0,0,0,6,361
2013,24,Civilian,75,347,18,51,119,53,97,32,37,26,8,57,32,0,2,27,1,0,0,3,52,1,16,35,0,2,1,4,224,90,0,3,0,60,491
2013,24,Non-Civilian,0,353,0,5,53,11,111,15,44,17,7,41,38,0,4,16,0,1,0,0,5,0,1,0,1,0,0,0,20,327,0,0,0,4,358
2013,25,Civilian,90,441,56,95,333,47,103,31,16,35,15,37,50,0,5,8,0,2,0,3,42,1,0,277,2,0,0,2,196,131,0,3,0,25,682
2013,25,Non-Civilian,0,315,0,3,68,19,74,17,27,17,8,25,54,0,5,4,0,0,12,1,5,0,0,2,0,0,0,0,10,284,0,0,0,4,318
2013,26,Civilian,54,250,26,60,64,26,118,39,8,32,24,41,31,1,0,4,2,0,2,12,53,0,2,31,2,0,1,5,179,74,0,3,0,26,390
2013,26,Non-Civilian,0,227,0,4,61,14,74,18,15,12,0,14,11,2,0,10,0,0,2,1,4,1,7,0,0,0,1,0,14,201,0,0,0,0,231
2013,27,Civilian,32,250,29,43,75,29,120,23,19,24,5,33,18,2,6,0,0,0,0,3,30,3,7,8,0,0,0,3,196,60,0,5,0,39,354
2013,27,Non-Civilian,0,246,0,2,51,25,70,21,14,15,0,22,28,0,1,1,0,0,0,0,4,0,0,1,0,0,0,0,35,204,0,0,0,4,248
2013,28,Civilian,64,382,11,68,73,82,137,33,14,29,0,74,69,0,9,5,0,0,0,20,93,4,11,64,0,2,0,0,225,72,0,2,0,32,525
2013,28,Non-Civilian,0,350,0,1,71,57,72,24,29,17,13,17,48,1,0,2,0,0,2,0,2,0,2,5,1,0,0,0,37,301,0,0,0,1,351
2013,29,Civilian,98,468,31,63,66,52,146,108,13,42,15,59,115,2,3,9,0,30,0,2,58,0,26,68,0,4,0,2,346,101,0,2,0,51,660
2013,29,Non-Civilian,0,524,0,2,90,70,172,68,15,9,23,14,33,0,6,20,0,6,0,0,2,0,32,10,0,0,0,0,25,450,0,0,0,7,526
2013,30,Civilian,141,656,92,130,259,75,139,157,20,46,14,139,138,4,10,16,2,0,0,8,33,0,22,64,0,0,0,0,582,124,0,2,0,184,1019
2013,30,Non-Civilian,0,504,0,6,97,49,101,58,23,35,0,47,62,3,22,13,0,0,0,0,6,2,4,20,0,0,0,2,28,440,0,0,0,8,510
2013,31,Civilian,101,465,60,132,104,56,176,66,22,31,4,90,172,6,3,26,0,2,0,8,78,6,3,12,17,2,2,3,403,84,0,0,0,140,758
2013,31,Non-Civilian,0,422,0,6,63,31,131,36,29,26,2,43,33,17,8,7,0,2,0,0,2,0,0,0,4,0,0,2,39,377,0,0,0,4,428
2013,32,Civilian,122,589,78,88,162,60,169,80,30,74,4,86,166,10,10,26,0,0,0,6,63,0,64,92,4,2,2,2,378,108,0,0,0,156,877
2013,32,Non-Civilian,0,642,0,2,82,36,110,100,154,16,2,28,44,60,10,2,0,0,0,10,2,0,4,12,0,0,0,14,60,536,0,0,0,6,644
2013,33,Civilian,108,395,41,99,241,28,121,77,20,18,4,41,72,0,3,18,0,0,2,7,43,0,6,26,0,0,2,2,287,93,0,0,0,175,643
2013,33,Non-Civilian,0,408,0,4,42,29,78,61,59,21,2,21,88,0,9,2,0,0,0,0,6,0,0,0,0,0,0,2,32,370,0,0,0,2,412
2013,34,Civilian,597,1466,136,208,146,150,1670,68,33,37,5,64,228,3,3,0,0,0,1633,6,61,2,29,76,2,0,0,4,417,95,0,0,0,82,2407
2013,34,Non-Civilian,0,591,0,0,78,45,208,47,42,29,10,42,85,3,2,0,0,0,49,0,13,0,6,8,2,0,0,0,44,463,0,0,0,6,591
2013,35,Civilian,104,395,40,136,163,8,178,45,23,31,19,30,161,2,0,14,0,1,0,4,36,1,21,14,0,4,0,4,321,124,0,2,0,144,675
2013,35,Non-Civilian,0,412,0,6,49,7,194,25,13,36,2,42,49,0,0,1,0,0,0,0,1,0,13,1,0,0,0,2,42,353,0,0,0,6,418
2013,36,Civilian,69,358,32,86,112,38,141,50,17,30,2,45,77,2,17,12,0,2,0,3,38,0,2,37,2,2,0,4,255,124,0,2,0,76,545
2013,36,Non-Civilian,0,454,0,4,38,15,198,36,14,15,3,39,95,0,4,1,0,0,0,0,0,0,21,3,4,0,0,0,64,360,0,0,0,6,458
2013,37,Civilian,42,219,25,44,55,34,57,34,25,24,6,25,38,6,14,12,0,0,0,2,25,2,1,26,1,2,0,3,165,66,0,5,0,32,330
2013,37,Non-Civilian,0,330,0,0,58,7,39,67,26,30,13,16,43,0,12,19,0,0,0,0,2,0,4,1,2,0,0,0,15,285,0,0,0,21,330
2013,38,Civilian,53,261,25,55,65,20,71,40,16,66,0,29,74,0,2,5,6,0,0,1,44,1,6,77,0,0,0,4,174,43,0,4,0,40,394
2013,38,Non-Civilian,0,294,0,0,25,7,61,48,22,36,5,40,35,0,1,14,0,0,0,0,0,0,5,0,0,0,0,1,16,271,0,0,0,1,294
2013,39,Civilian,53,273,35,69,70,37,124,40,9,35,1,39,38,6,1,30,0,0,0,6,45,0,61,19,4,0,0,8,158,46,0,3,0,80,430
2013,39,Non-Civilian,0,331,0,4,43,13,108,79,23,9,0,29,28,0,3,0,0,0,0,0,5,0,7,12,3,0,0,0,24,284,0,0,0,0,335
2013,40,Civilian,40,234,18,51,34,19,68,53,18,49,6,49,25,0,11,0,0,11,0,4,69,7,1,24,5,0,1,0,154,45,0,4,0,29,343
2013,40,Non-Civilian,0,286,0,0,42,7,69,72,4,13,0,26,46,1,3,3,0,0,0,0,2,1,3,0,0,0,0,0,28,245,0,0,0,7,286
2013,41,Civilian,66,393,34,95,156,38,134,63,13,41,12,57,58,4,3,6,0,3,0,4,45,4,21,29,6,0,1,7,232,77,0,5,0,157,588
2013,41,Non-Civilian,0,227,0,0,40,13,71,24,7,10,2,12,41,0,7,0,0,0,0,0,0,0,3,10,0,0,0,1,20,186,0,0,0,7,227
2013,42,Civilian,55,247,32,59,81,39,46,77,44,26,0,13,55,2,3,6,1,0,0,17,8,0,103,15,0,0,0,4,174,33,0,3,0,36,393
2013,42,Non-Civilian,0,240,0,4,41,16,57,19,64,6,0,24,9,0,6,0,0,2,0,0,1,0,2,0,0,0,0,0,11,228,0,0,0,2,244
2013,43,Civilian,39,330,32,62,61,22,203,40,26,14,1,62,14,5,7,8,0,0,0,2,17,1,153,14,0,0,0,7,168,43,0,2,0,56,463
2013,43,Non-Civilian,0,298,0,1,38,6,72,51,44,12,0,43,13,0,14,6,0,0,0,0,3,0,2,0,0,0,0,0,12,267,0,0,0,15,299
2013,44,Civilian,45,271,36,54,77,71,53,54,26,33,1,61,22,1,2,5,0,0,0,2,49,1,12,16,2,1,0,8,204,75,0,8,0,28,406
2013,44,Non-Civilian,0,216,0,3,62,14,28,26,17,5,2,39,23,0,1,2,0,0,0,2,6,0,2,0,0,0,0,0,16,192,0,0,0,1,219
2013,45,Civilian,38,203,19,42,69,31,58,41,6,30,0,52,9,0,4,1,1,0,2,4,43,0,12,8,0,1,1,2,159,43,0,5,0,22,302
2013,45,Non-Civilian,0,309,0,3,124,15,49,14,8,6,0,44,46,0,5,1,0,0,0,0,0,0,0,0,0,0,1,0,15,295,0,0,0,1,312
2013,46,Civilian,60,260,22,60,100,30,96,45,3,47,0,50,18,3,6,1,3,0,0,4,37,0,17,36,0,0,3,3,190,48,0,4,0,60,402
2013,46,Non-Civilian,0,300,0,4,108,12,47,23,8,21,5,31,20,1,26,2,0,0,0,0,1,0,5,1,0,0,0,0,25,270,0,0,0,2,304
2013,47,Civilian,67,374,19,99,207,52,115,37,8,22,7,59,32,4,2,14,0,0,0,15,29,0,0,49,0,0,0,9,274,46,0,7,0,130,559
2013,47,Non-Civilian,0,258,0,3,57,7,88,22,13,13,0,27,23,2,5,2,2,0,0,0,3,0,1,0,0,0,0,0,21,229,0,0,0,7,261
2013,48,Civilian,90,420,32,102,232,18,208,35,28,14,0,36,46,2,19,6,0,0,0,2,36,0,2,68,13,1,0,8,249,96,0,3,0,166,644
2013,48,Non-Civilian,0,378,0,9,63,12,157,36,11,17,1,35,39,0,16,0,0,0,0,0,1,0,1,0,0,0,0,0,31,345,0,2,0,7,387
2013,49,Civilian,92,298,55,85,110,33,234,27,11,38,0,37,11,6,5,16,0,2,1,1,36,6,11,118,0,2,0,18,163,59,0,10,0,105,530
2013,49,Non-Civilian,0,168,0,0,28,4,66,14,4,0,0,19,25,2,5,1,0,0,0,0,0,0,4,3,0,0,0,0,17,144,0,0,0,0,168
2013,50,Civilian,84,284,52,107,221,13,147,39,12,12,0,52,19,5,3,4,0,0,0,11,28,6,4,71,2,0,0,44,130,60,0,0,0,171,527
2013,50,Non-Civilian,0,179,0,0,23,3,70,38,18,1,0,15,7,0,2,2,0,0,0,0,1,0,2,0,0,0,0,2,10,162,0,0,0,2,179
2013,51,Civilian,134,624,91,145,542,29,159,119,17,20,0,50,30,6,16,6,0,0,0,0,32,4,1,7,1,0,0,44,213,138,0,1,0,553,994
2013,51,Non-Civilian,0,264,0,2,42,8,127,41,24,9,0,10,2,2,0,0,1,0,0,0,3,0,4,0,0,0,0,0,13,241,0,0,0,5,266
2013,52,Civilian,73,340,46,88,252,35,122,22,5,23,4,46,27,2,4,4,0,1,0,1,25,0,8,0,0,0,0,42,156,71,0,3,0,241,547
2013,52,Non-Civilian,0,197,0,2,17,2,50,34,47,2,0,27,13,0,2,5,0,0,0,0,1,0,2,0,0,0,0,0,9,185,0,0,0,2,199
2014,1,Civilian,32,216,13,40,96,15,52,53,8,16,8,18,19,2,5,8,1,0,0,0,25,0,2,8,4,0,6,20,75,71,0,6,0,84,301
2014,1,Non-Civilian,0,223,0,1,68,4,32,54,12,10,3,14,17,0,2,8,0,0,0,0,0,0,2,2,0,0,9,1,10,194,0,0,0,6,224
2014,2,Civilian,63,417,30,76,259,22,74,39,4,33,7,93,41,1,7,6,0,0,0,5,36,0,28,18,55,1,7,22,167,99,0,2,0,146,586
2014,2,Non-Civilian,0,339,0,3,148,2,31,22,7,10,1,64,29,0,2,26,0,0,0,0,2,0,31,6,29,1,0,0,16,253,0,0,0,4,342
2014,3,Civilian,59,309,21,59,214,38,71,46,9,11,1,36,11,1,7,1,1,1,0,0,39,2,19,13,11,2,7,20,99,66,0,0,0,170,448
2014,3,Non-Civilian,0,247,0,1,72,31,59,13,4,9,2,12,31,0,11,2,1,1,4,0,0,0,26,22,4,0,6,0,13,169,0,0,0,4,248
2014,4,Civilian,55,261,26,68,186,37,55,37,3,27,4,19,33,1,3,0,1,4,0,5,65,0,15,20,2,0,1,31,84,76,0,2,0,109,410
2014,4,Non-Civilian,0,158,0,0,43,24,24,10,9,5,0,17,19,4,2,1,0,0,0,0,1,0,2,3,0,0,0,1,12,138,0,0,0,1,158
2014,5,Civilian,83,453,54,114,423,47,89,43,7,33,1,28,17,6,7,2,0,1,0,5,40,1,6,15,2,0,0,35,96,80,0,1,0,423,704
2014,5,Non-Civilian,0,220,0,3,64,1,37,29,9,15,0,37,22,4,4,0,0,1,0,0,3,0,6,0,0,0,0,0,7,194,0,0,0,13,223
2014,6,Civilian,99,433,45,84,345,22,47,48,14,90,1,48,31,2,12,0,1,0,0,4,47,0,3,47,1,1,0,22,101,62,0,2,0,371,661
2014,6,Non-Civilian,0,203,0,2,59,9,21,8,12,19,0,32,38,6,0,1,0,0,0,1,2,0,8,0,0,1,0,0,19,162,0,0,0,12,205
2014,7,Civilian,50,458,35,76,295,23,67,110,11,25,0,26,27,2,30,2,0,1,0,2,55,1,75,24,53,0,0,12,97,37,0,1,0,262,619
2014,7,Non-Civilian,0,205,0,3,65,2,22,18,21,19,0,34,16,2,4,5,0,0,0,0,1,0,7,6,2,0,0,1,17,168,0,0,0,6,208
2014,8,Civilian,53,389,35,56,192,28,59,79,7,27,72,16,49,0,4,0,0,0,0,2,52,0,44,73,26,0,0,21,90,42,0,0,0,183,533
2014,8,Non-Civilian,0,226,0,0,32,6,35,18,40,19,1,33,31,0,11,0,0,0,0,0,4,0,4,1,2,0,0,0,9,198,0,2,0,6,226
2014,9,Civilian,27,266,15,30,84,15,113,32,5,20,5,25,38,0,1,0,0,0,0,1,27,1,61,6,24,0,0,10,103,39,0,3,0,63,338
2014,9,Non-Civilian,0,232,0,1,84,4,74,22,7,6,0,20,12,0,4,0,0,0,4,1,3,0,27,6,7,0,0,0,4,180,0,0,0,1,233
2014,10,Civilian,42,231,13,37,84,22,65,32,22,9,1,59,24,2,1,1,1,0,0,3,52,0,5,41,7,2,7,14,52,41,0,0,0,99,323
2014,10,Non-Civilian,0,278,0,4,31,2,67,18,44,26,0,33,57,1,0,2,0,1,0,0,4,0,11,0,1,0,0,0,10,252,0,0,0,4,282
2014,11,Civilian,33,212,26,38,94,25,65,17,5,13,8,31,36,1,7,3,4,0,0,2,51,0,11,2,26,0,1,18,64,47,0,1,0,86,309
2014,11,Non-Civilian,0,187,0,3,24,14,71,27,5,7,0,21,16,0,3,2,0,0,0,0,2,0,1,0,2,0,1,0,10,168,0,0,0,6,190
2014,12,Civilian,30,260,34,53,93,35,109,26,20,20,0,43,27,1,2,1,0,0,0,12,56,0,10,12,1,0,0,20,99,37,0,1,0,129,377
2014,12,Non-Civilian,0,206,0,1,46,2,38,24,8,22,0,33,23,5,2,3,1,0,0,0,1,0,0,1,0,0,0,0,5,189,0,0,0,11,207
2014,13,Civilian,36,170,20,49,105,12,54,36,9,11,2,9,32,3,1,1,0,0,0,1,27,0,13,7,2,2,1,9,57,43,0,1,0,112,275
2014,13,Non-Civilian,0,204,0,1,44,1,40,24,12,16,1,31,28,0,2,5,0,1,7,0,1,0,4,8,0,0,0,0,11,167,0,0,0,7,205
2014,14,Civilian,47,283,39,56,145,27,98,35,12,24,1,28,51,1,2,0,0,1,0,3,54,0,2,8,3,0,0,15,119,39,0,1,0,181,425
2014,14,Non-Civilian,1,297,0,1,16,19,123,16,15,26,0,22,54,3,3,1,0,1,0,0,3,0,9,0,0,0,0,0,5,269,0,0,0,13,299
2014,15,Civilian,58,213,19,49,72,15,101,22,34,24,1,48,20,0,1,1,0,0,0,0,56,0,2,24,0,0,0,7,80,60,0,0,0,110,339
2014,15,Non-Civilian,0,373,0,5,71,10,123,28,48,22,2,17,42,5,5,2,0,3,2,0,0,0,5,22,0,0,0,0,10,327,0,0,0,12,378
2014,16,Civilian,40,266,22,49,182,20,57,13,9,5,1,62,23,0,1,4,0,0,4,4,40,0,21,5,0,1,1,3,89,40,0,0,0,169,377
2014,16,Non-Civilian,0,348,0,1,61,8,90,18,49,8,1,36,74,4,0,0,0,0,2,1,1,0,6,5,1,0,0,0,16,305,0,0,0,12,349
2014,17,Civilian,33,240,22,64,171,13,53,20,14,13,0,29,38,0,5,3,0,0,3,6,48,0,4,0,7,0,0,2,72,22,0,1,0,194,359
2014,17,Non-Civilian,0,205,0,1,26,5,41,45,11,29,0,20,20,1,6,2,0,0,1,1,3,0,1,0,0,0,0,0,23,167,0,0,0,10,206
2014,18,Civilian,44,271,40,63,189,19,70,50,14,21,1,19,23,2,1,9,0,0,0,0,52,0,3,25,0,1,0,5,91,39,0,0,0,202,418
2014,18,Non-Civilian,0,221,0,0,39,5,53,25,30,19,0,15,33,1,1,0,0,0,0,0,1,0,8,1,0,0,0,0,4,203,0,0,0,4,221
2014,19,Civilian,34,236,23,61,80,33,76,64,15,26,0,15,37,3,1,3,0,1,0,1,99,1,5,2,7,0,0,8,87,52,0,0,0,92,354
2014,19,Non-Civilian,0,285,0,1,42,4,46,27,104,13,0,12,27,2,8,1,0,0,0,0,1,0,3,0,1,0,0,0,13,260,0,0,0,8,286
2014,20,Civilian,56,319,27,61,138,15,63,90,28,41,0,24,56,5,2,0,0,1,0,0,74,0,84,7,10,0,0,13,82,40,0,1,0,152,463
2014,20,Non-Civilian,0,178,0,4,10,4,30,48,18,36,0,6,24,2,2,0,0,2,0,0,1,0,10,1,0,0,0,0,6,160,0,0,0,4,182
2014,21,Civilian,30,178,14,25,79,18,70,22,7,9,1,15,21,0,3,2,0,0,1,0,73,0,4,3,0,0,0,4,83,25,0,0,0,54,247
2014,21,Non-Civilian,0,180,0,2,22,3,34,25,45,11,3,10,26,0,1,2,0,0,0,1,3,0,5,0,0,0,0,1,10,156,0,0,0,6,182
2014,22,Civilian,36,288,21,49,204,16,50,22,7,20,0,27,45,1,0,2,0,0,0,5,50,0,26,2,13,1,0,10,78,28,0,0,0,181,394
2014,22,Non-Civilian,0,163,0,5,36,5,44,11,12,16,0,16,23,0,1,4,0,0,0,0,1,0,3,4,1,0,0,0,6,149,0,0,0,4,168
2014,23,Civilian,42,236,26,41,113,19,110,14,18,12,1,25,30,1,0,1,0,1,0,0,49,1,2,5,5,0,0,4,106,40,0,0,0,133,345
2014,23,Non-Civilian,0,220,0,2,36,9,59,15,52,14,0,26,10,0,1,0,0,0,0,0,1,0,1,0,0,1,0,0,17,192,0,0,0,10,222
2014,24,Civilian,60,260,25,67,116,15,114,17,25,38,0,29,44,0,6,8,0,0,0,0,63,1,34,2,1,0,0,5,86,32,0,1,0,187,412
2014,24,Non-Civilian,0,302,0,0,34,13,67,63,20,13,0,52,31,1,8,0,0,0,0,0,8,0,18,3,0,0,0,0,28,240,0,0,0,5,302
2014,25,Civilian,32,293,33,54,150,20,76,43,30,13,1,39,30,3,2,3,2,0,0,0,92,0,6,1,3,2,0,4,66,25,0,0,0,213,412
2014,25,Non-Civilian,0,120,0,1,18,4,30,17,11,6,1,12,16,0,2,4,0,0,0,1,14,0,3,1,4,0,0,0,4,89,0,0,0,5,121
2014,26,Civilian,35,240,26,48,80,12,65,22,26,17,0,33,62,2,0,29,0,1,0,0,59,0,20,0,1,1,0,10,54,32,0,0,0,172,349
2014,26,Non-Civilian,0,136,0,1,13,1,34,11,15,9,0,36,18,0,0,0,0,0,0,0,12,0,0,0,0,0,0,0,7,114,0,0,0,4,137
2014,27,Civilian,25,175,13,31,49,8,40,37,42,29,0,13,24,1,0,1,0,0,0,0,48,0,2,2,1,0,0,3,54,18,0,0,0,116,244
2014,27,Non-Civilian,0,122,0,0,17,2,36,8,12,15,0,17,14,0,0,1,0,0,0,2,4,0,1,0,7,0,0,1,7,92,0,0,0,8,122
2014,28,Civilian,21,175,12,23,85,9,45,28,11,11,0,24,14,0,3,1,0,0,0,0,28,0,5,0,0,1,0,7,52,39,0,0,0,99,231
2014,28,Non-Civilian,0,169,0,2,13,3,57,33,3,10,0,8,40,0,4,0,0,0,0,0,0,0,2,2,3,0,0,0,5,153,0,0,0,6,171
2014,29,Civilian,30,194,23,36,93,5,43,42,16,34,8,12,27,0,2,1,0,0,0,0,31,0,23,2,5,1,0,1,42,24,0,1,0,153,283
2014,29,Non-Civilian,0,196,0,2,9,9,27,30,4,18,2,7,89,2,1,0,0,0,0,0,3,0,3,0,1,0,0,1,9,176,0,0,0,5,198
2014,30,Civilian,43,235,42,42,121,9,86,35,10,33,6,18,36,2,0,4,0,2,0,0,51,0,36,1,0,0,0,4,82,24,0,0,0,164,362
2014,30,Non-Civilian,0,194,0,0,25,13,24,70,9,28,0,5,16,0,2,0,0,2,0,0,0,0,7,7,9,0,0,1,7,151,0,0,0,12,194
2014,31,Civilian,50,236,27,56,85,7,142,42,7,28,6,14,31,1,2,2,1,1,0,2,25,0,4,7,2,0,0,4,105,21,0,0,0,199,369
2014,31,Non-Civilian,0,124,0,1,30,8,23,15,16,9,0,8,13,0,0,2,1,0,0,0,3,0,3,1,1,0,0,0,5,109,0,0,0,3,125
2014,32,Civilian,24,171,9,31,58,23,38,21,23,27,2,17,16,1,1,8,0,0,0,0,51,0,3,0,2,0,0,4,54,24,0,0,0,97,235
2014,32,Non-Civilian,0,93,0,1,14,6,23,21,4,10,0,6,8,1,1,0,0,0,0,0,4,0,2,0,0,0,0,0,7,75,0,0,0,6,94
2014,33,Civilian,25,332,12,38,76,12,57,40,119,25,4,41,32,0,0,0,0,1,0,0,63,0,25,6,99,0,0,2,50,23,0,0,0,139,407
2014,33,Non-Civilian,0,82,0,1,16,1,33,4,2,5,0,11,10,0,1,0,0,0,0,0,4,0,3,0,0,0,0,1,2,60,0,0,0,13,83
2014,34,Civilian,16,175,17,34,40,14,56,30,22,16,2,23,11,3,5,19,0,1,0,2,63,0,3,1,15,0,0,5,32,33,0,0,0,88,242
2014,34,Non-Civilian,0,128,0,2,12,6,34,21,4,27,0,16,8,1,0,1,0,0,5,0,1,0,4,0,3,0,0,0,4,110,0,0,0,3,130
2014,35,Civilian,58,236,36,65,99,12,77,20,35,54,3,28,55,0,2,10,0,0,0,0,34,0,10,0,8,0,0,3,55,45,0,0,0,240,395
2014,35,Non-Civilian,0,141,0,3,15,3,37,23,6,17,0,21,14,0,7,0,1,0,0,0,3,0,4,1,0,0,0,1,11,120,0,0,0,4,144
2014,36,Civilian,74,315,30,52,66,33,49,15,64,40,2,54,59,0,1,88,0,0,0,0,52,0,2,26,1,0,0,2,82,22,0,0,0,284,471
2014,36,Non-Civilian,0,223,0,1,3,13,44,34,6,36,2,39,30,0,17,0,0,0,0,0,0,0,1,0,0,0,0,0,14,204,0,0,0,5,224
2014,37,Civilian,47,240,20,53,58,11,151,21,20,37,1,22,30,4,1,4,0,0,0,0,30,0,6,9,1,0,0,2,60,22,0,0,0,230,360
2014,37,Non-Civilian,0,161,0,2,14,6,60,16,1,28,3,14,15,1,2,1,0,2,0,0,0,0,19,0,0,0,0,0,15,124,0,0,0,5,163
2014,38,Civilian,64,291,46,70,132,9,84,21,32,34,6,54,93,3,2,1,0,0,0,1,25,0,13,24,3,0,0,17,77,18,0,0,0,293,471
2014,38,Non-Civilian,0,179,0,1,18,7,67,12,0,22,7,15,9,2,18,3,0,0,0,0,0,0,1,0,0,0,0,0,11,146,0,0,0,22,180
2014,39,Civilian,22,141,11,14,16,9,72,18,11,10,6,12,30,2,0,2,0,0,6,0,29,0,5,0,0,1,0,1,39,24,0,0,0,83,188
2014,39,Non-Civilian,0,119,0,2,9,6,53,6,5,20,0,2,15,0,3,2,0,0,0,0,0,0,4,0,0,0,0,0,4,93,0,0,0,20,121
2014,40,Civilian,17,134,33,42,33,4,56,17,2,8,0,50,51,3,2,0,0,0,0,1,15,8,43,3,12,0,1,3,34,15,0,0,0,91,226
2014,40,Non-Civilian,0,215,0,0,19,9,86,58,3,17,1,3,12,4,2,1,0,0,0,0,0,0,7,0,1,0,0,0,13,186,0,0,0,8,215
2014,41,Civilian,33,116,20,30,10,4,54,56,3,4,0,22,44,0,2,0,0,0,0,0,6,0,0,0,5,0,0,0,47,19,0,0,0,122,199
2014,41,Non-Civilian,0,198,0,6,52,2,39,56,0,11,0,11,27,4,1,1,0,0,0,0,0,0,0,0,1,0,0,0,2,190,0,0,0,11,204
2014,42,Civilian,24,216,16,32,44,34,94,16,17,23,3,32,22,0,3,0,0,0,0,2,49,0,6,0,3,2,0,8,71,11,0,0,0,136,288
2014,42,Non-Civilian,0,197,0,2,20,9,41,30,21,20,0,5,50,1,2,0,0,0,0,0,1,0,15,0,2,0,0,0,15,161,0,0,0,5,199
2014,43,Civilian,44,192,36,71,45,7,61,87,4,16,0,66,53,1,3,0,0,0,0,0,22,0,10,0,4,0,1,2,56,17,0,0,0,231,343
2014,43,Non-Civilian,0,115,0,1,19,4,31,26,5,7,0,9,7,0,8,0,0,0,2,0,3,0,0,0,0,0,0,0,7,94,0,0,0,10,116
2014,44,Civilian,21,208,11,28,20,9,26,26,12,45,0,107,23,0,0,0,0,0,0,0,108,0,3,4,1,1,0,4,67,28,0,0,0,52,268
2014,44,Non-Civilian,0,96,0,2,9,5,32,8,4,6,0,8,18,0,7,1,0,0,0,0,2,0,7,1,0,0,0,0,1,82,0,0,0,5,98
2014,45,Civilian,32,151,9,46,54,19,38,51,13,7,7,20,28,0,0,1,0,0,0,1,22,0,7,6,9,1,0,2,50,28,0,0,0,112,238
2014,45,Non-Civilian,0,116,0,1,8,1,19,58,1,7,0,15,8,0,0,0,0,0,0,0,4,0,8,1,1,0,0,0,6,88,0,0,0,9,117
2014,46,Civilian,21,172,15,29,30,9,58,47,8,21,0,22,13,3,0,26,0,0,0,0,43,0,2,18,3,1,0,6,47,35,0,0,0,82,237
2014,46,Non-Civilian,0,108,0,0,13,3,22,42,5,4,0,8,9,0,1,1,0,0,0,0,2,0,3,1,0,0,0,0,3,91,0,0,0,8,108
2014,47,Civilian,33,171,21,34,61,10,63,70,9,7,0,15,21,0,2,1,0,0,0,0,31,0,3,40,12,0,0,2,27,25,0,0,0,119,259
2014,47,Non-Civilian,0,136,0,3,18,4,32,47,0,8,0,17,10,0,2,0,1,0,0,0,3,0,4,11,0,0,0,0,2,116,0,0,0,3,139
2014,48,Civilian,33,237,11,30,38,7,25,71,13,20,3,18,12,6,0,98,0,0,0,1,40,0,1,3,4,0,0,4,46,19,0,1,0,192,311
2014,48,Non-Civilian,0,84,0,1,22,1,17,23,3,5,0,6,5,0,0,3,0,0,0,0,2,0,4,0,0,0,0,0,1,76,0,0,0,2,85
2014,49,Civilian,16,230,6,24,99,37,42,35,12,7,2,13,12,7,0,7,1,2,0,0,23,79,9,6,4,4,0,7,16,95,0,0,0,33,276
2014,49,Non-Civilian,0,155,0,0,26,3,28,39,43,2,0,7,6,0,0,1,0,0,0,0,1,2,15,1,2,0,0,0,8,115,0,0,0,11,155
2014,50,Civilian,12,126,9,20,26,21,50,29,12,4,0,3,16,0,0,6,0,0,0,0,26,1,0,10,19,0,1,12,35,11,0,0,0,52,167
2014,50,Non-Civilian,0,120,0,0,47,0,20,14,9,3,0,11,16,0,0,0,0,0,0,0,0,0,3,0,0,0,0,0,4,102,0,0,0,11,120
2014,51,Civilian,45,194,22,40,26,5,40,48,33,6,2,69,64,0,1,7,0,0,0,0,12,0,2,28,8,1,0,9,23,35,0,0,0,183,301
2014,51,Non-Civilian,0,133,0,3,64,1,17,11,6,12,1,7,17,0,0,0,0,0,0,0,0,0,1,0,1,0,0,0,13,111,0,0,0,10,136
2014,52,Civilian,32,327,24,68,211,12,86,44,12,22,1,8,35,0,1,18,1,0,0,0,16,0,5,1,12,0,0,5,33,36,0,0,0,343,451
2014,52,Non-Civilian,2,113,0,0,30,7,25,24,2,0,0,7,7,0,13,0,0,0,3,0,0,0,10,0,2,0,0,0,7,72,0,0,0,21,115
2015,1,Civilian,6,26,1,8,5,3,8,8,0,2,1,3,9,0,1,1,0,0,0,0,4,0,0,0,3,0,0,0,12,9,0,0,0,13,41
2015,1,Non-Civilian,0,46,0,1,9,0,24,2,5,1,0,2,3,0,0,0,0,1,0,0,0,0,6,0,0,0,0,1,1,39,0,0,0,0,47
2015,2,Civilian,10,55,11,12,36,2,16,7,9,1,3,8,4,2,0,0,0,0,0,0,8,0,18,0,6,0,1,17,11,16,0,0,0,11,88
2015,2,Non-Civilian,0,29,0,0,6,2,3,2,5,3,0,0,8,0,0,0,0,0,0,0,0,0,4,0,0,0,0,0,0,24,0,0,0,1,29
2015,3,Civilian,12,96,15,13,7,12,27,27,27,11,1,14,10,0,0,0,0,0,0,0,14,1,0,3,12,0,0,21,22,12,0,0,0,51,136
2015,3,Non-Civilian,0,30,0,1,7,1,3,4,9,0,1,5,1,0,0,0,0,0,0,0,1,0,1,0,7,0,0,0,2,18,0,0,0,2,31
2015,4,Civilian,29,237,19,37,32,14,114,29,3,10,69,24,26,1,0,0,0,0,0,0,28,0,4,2,5,0,0,20,26,31,0,2,0,204,322
2015,4,Non-Civilian,0,95,0,1,24,0,14,41,1,3,1,4,8,0,0,0,0,0,0,0,0,0,1,0,7,0,0,0,1,79,0,0,0,8,96
2015,5,Civilian,34,115,10,31,38,25,48,18,3,15,2,19,18,0,2,2,0,0,0,0,40,0,6,2,3,1,0,10,30,14,0,1,0,83,190
2015,5,Non-Civilian,0,108,0,1,6,5,23,28,19,4,0,3,17,1,1,2,0,0,0,1,0,0,2,0,1,3,0,0,3,96,0,0,0,3,109
2015,6,Civilian,53,289,20,33,69,7,189,56,10,7,10,1,45,0,1,0,0,0,0,0,9,0,5,0,9,0,1,7,72,9,0,0,0,283,395
2015,6,Non-Civilian,0,115,0,0,13,2,57,18,6,0,0,8,10,0,1,0,0,0,0,0,0,0,3,0,0,1,0,0,1,105,0,0,0,5,115
2015,7,Civilian,23,113,11,19,15,1,88,10,8,7,1,12,21,0,1,2,0,0,0,0,18,0,13,0,4,1,0,3,34,10,0,0,0,83,166
2015,7,Non-Civilian,0,83,0,0,3,3,19,41,1,2,0,8,6,0,0,0,0,0,0,0,1,0,1,0,1,0,0,0,1,76,0,0,0,3,83
2015,8,Civilian,31,111,13,27,82,4,41,23,2,6,1,6,11,3,0,3,0,0,0,0,16,0,0,52,4,0,0,16,19,15,0,0,0,60,182
2015,8,Non-Civilian,0,137,0,2,73,2,17,14,4,7,0,3,15,0,0,4,0,0,0,0,1,0,3,0,0,0,0,0,3,127,0,0,0,5,139
2015,9,Civilian,10,132,12,13,18,8,59,15,14,9,2,18,18,3,0,3,0,0,0,2,30,1,16,10,8,0,0,12,31,20,0,0,0,37,167
2015,9,Non-Civilian,0,134,0,0,22,2,19,37,13,10,1,16,10,1,2,0,0,1,0,0,1,0,4,5,1,0,0,0,10,112,0,0,0,1,134
2015,10,Civilian,18,195,12,23,31,17,79,29,21,21,3,11,32,2,0,2,0,0,0,4,63,0,4,4,10,0,2,5,19,19,0,0,0,118,248
2015,10,Non-Civilian,0,80,0,0,16,0,16,14,2,2,3,12,11,3,0,1,0,0,0,0,0,0,1,10,2,1,0,0,3,55,0,0,0,8,80
2015,11,Civilian,28,342,7,14,19,56,190,81,11,4,1,16,9,0,4,0,0,0,0,0,250,0,1,0,5,1,0,5,33,14,0,0,0,82,391
2015,11,Non-Civilian,0,76,0,2,20,4,10,13,6,8,0,11,6,0,0,0,0,0,0,0,11,0,0,0,0,0,0,0,0,55,0,0,0,12,78
2015,12,Civilian,66,292,22,22,25,49,103,63,8,14,85,18,35,2,0,0,0,0,6,0,193,0,85,2,7,0,0,3,35,20,0,0,0,51,402
2015,12,Non-Civilian,0,67,0,0,7,3,11,22,0,3,0,14,6,0,0,0,0,1,0,0,3,0,0,0,3,0,0,0,10,45,0,0,0,6,67
2015,13,Civilian,39,262,17,42,27,34,142,65,29,9,2,5,39,6,2,0,0,0,0,1,170,0,4,0,3,0,0,8,59,15,0,0,0,100,360
2015,13,Non-Civilian,0,234,0,1,8,1,28,70,3,26,0,19,80,0,0,0,0,0,0,0,3,0,4,0,0,0,0,0,1,220,0,0,0,7,235
2015,14,Civilian,35,233,20,31,19,32,70,72,28,12,2,15,66,0,1,2,0,0,1,7,89,0,21,0,7,0,0,4,42,24,0,0,0,124,319
2015,14,Non-Civilian,0,63,0,0,11,2,7,13,3,4,1,8,14,0,0,0,0,0,0,0,0,0,0,0,3,0,0,0,1,49,0,0,0,10,63
2015,15,Civilian,27,151,13,28,68,12,31,35,5,2,2,16,38,1,0,8,0,1,0,1,25,2,9,0,3,1,1,3,22,12,0,0,0,140,219
2015,15,Non-Civilian,0,98,0,2,39,6,8,33,3,0,0,6,3,0,1,1,0,0,0,0,1,0,30,0,1,0,0,0,3,59,0,0,0,6,100
2015,16,Civilian,36,173,24,44,75,11,59,34,2,18,2,11,64,1,0,0,0,0,0,0,31,0,9,3,4,4,0,7,32,11,0,0,0,176,277
2015,16,Non-Civilian,0,80,0,0,27,11,14,6,6,3,3,3,5,2,0,0,0,0,0,0,0,0,3,2,4,0,0,0,0,69,0,0,0,2,80
2015,17,Civilian,30,176,19,20,51,12,39,7,10,5,2,14,104,0,0,1,0,0,0,0,14,0,4,1,21,2,0,5,46,10,0,0,0,142,245
2015,17,Non-Civilian,0,162,0,0,27,1,23,51,4,6,1,10,38,0,1,0,0,0,0,0,1,0,2,0,1,0,0,0,1,156,0,0,0,1,162
2015,18,Civilian,46,185,38,67,146,6,38,13,26,21,4,7,74,0,1,0,0,0,3,4,20,0,10,9,4,1,0,6,55,15,0,0,0,209,336
2015,18,Non-Civilian,0,140,0,1,9,14,36,21,7,6,0,9,39,0,0,0,0,0,4,0,1,0,0,1,0,0,0,0,1,131,0,0,0,3,141
2015,19,Civilian,22,98,17,32,36,4,26,42,17,17,5,10,12,0,0,0,0,0,0,0,10,0,3,12,3,1,0,4,35,7,0,0,0,94,169
2015,19,Non-Civilian,0,142,0,1,15,1,29,30,10,14,0,28,10,0,2,4,0,0,0,0,0,0,1,0,2,0,0,0,1,133,0,0,0,6,143
2015,20,Civilian,54,248,29,54,176,2,50,17,8,11,3,11,106,0,1,0,0,0,0,0,12,0,1,0,4,0,0,11,65,11,0,0,0,281,385
2015,20,Non-Civilian,0,111,0,0,26,0,15,7,14,6,2,16,24,0,0,1,0,0,0,0,0,0,20,1,4,0,0,0,0,86,0,0,0,0,111
2015,21,Civilian,39,179,22,25,43,3,28,28,79,16,6,16,44,0,0,1,1,0,0,0,12,0,11,2,50,0,0,2,45,8,0,0,0,135,265
2015,21,Non-Civilian,0,114,0,0,16,1,17,12,3,14,0,22,27,2,0,0,0,0,0,0,1,0,0,0,1,0,0,0,4,96,0,0,0,12,114
2015,22,Civilian,34,229,17,29,125,7,34,11,34,6,26,29,36,1,0,0,0,0,0,5,9,0,1,0,27,0,0,6,30,16,0,0,0,215,309
2015,22,Non-Civilian,0,74,0,0,24,2,5,11,12,2,0,5,13,0,0,0,0,0,0,2,0,0,1,0,5,0,0,0,4,61,0,0,0,1,74
2015,23,Civilian,38,176,13,44,106,5,16,23,8,16,0,47,49,1,0,0,0,0,0,2,15,0,6,0,1,0,0,3,49,8,0,0,0,187,271
2015,23,Non-Civilian,1,55,0,2,21,4,9,6,1,5,0,2,8,0,1,1,0,0,0,0,0,0,3,0,0,0,0,0,0,51,0,0,0,4,58
2015,24,Civilian,47,205,24,36,34,1,29,40,11,17,0,41,139,0,0,0,0,0,0,0,13,1,8,0,4,0,1,7,30,14,0,1,0,233,312
2015,24,Non-Civilian,0,160,0,0,27,0,14,86,5,9,1,10,3,1,4,0,0,0,0,0,2,0,2,1,1,0,0,0,7,141,0,0,0,6,160
2015,25,Civilian,44,83,36,37,20,1,59,63,10,4,6,29,6,0,1,1,0,0,0,0,12,0,2,0,8,0,0,4,71,5,0,0,0,98,200
2015,25,Non-Civilian,0,160,0,1,63,1,9,43,5,20,1,0,14,0,4,1,0,0,0,0,1,0,13,0,5,0,0,3,1,136,0,0,0,2,161
2015,26,Civilian,100,345,20,33,316,4,24,52,22,13,11,35,18,1,0,2,0,0,0,1,13,0,21,2,21,0,0,3,36,296,0,1,0,104,498
2015,26,Non-Civilian,0,100,0,2,5,0,16,56,7,6,0,11,0,0,1,0,0,0,0,0,0,0,1,1,4,0,0,0,2,87,0,0,0,7,102
2015,27,Civilian,34,173,20,34,25,8,52,51,8,28,5,38,39,0,0,7,0,0,0,0,11,0,5,8,11,0,0,2,38,21,0,0,0,165,261
2015,27,Non-Civilian,0,120,0,3,32,0,38,20,6,10,1,13,2,0,1,0,0,0,0,0,0,0,7,0,7,1,0,0,1,100,0,0,0,7,123
2015,28,Civilian,26,114,17,30,62,10,23,33,12,10,2,11,21,0,0,3,0,0,0,0,15,0,3,0,5,2,0,5,31,13,0,0,0,113,187
2015,28,Non-Civilian,0,75,0,2,16,3,30,14,2,0,1,5,2,0,2,2,0,0,0,0,0,0,4,1,2,0,0,0,1,66,0,0,0,3,77
2015,29,Civilian,23,134,20,33,82,2,28,28,9,5,1,5,49,0,0,0,0,1,0,0,9,1,13,0,2,0,0,2,20,6,0,0,0,157,210
2015,29,Non-Civilian,0,72,0,0,4,0,32,10,3,6,1,7,9,0,0,0,0,0,0,0,0,0,9,0,1,0,0,0,3,47,0,0,0,12,72
2015,30,Civilian,41,119,20,36,55,9,30,55,16,13,1,14,23,0,0,0,0,0,0,0,20,1,5,2,11,0,0,8,57,17,0,0,0,95,216
2015,30,Non-Civilian,0,83,0,1,13,0,25,19,8,2,0,7,8,0,2,0,0,0,0,0,0,0,4,1,2,0,0,0,1,75,0,0,0,1,84
2015,31,Civilian,35,140,17,17,24,6,38,27,27,28,0,11,46,0,1,1,0,0,0,0,12,0,1,0,17,0,0,2,44,33,0,0,0,100,209
2015,31,Non-Civilian,0,122,0,8,14,3,31,7,12,6,0,10,47,0,0,0,0,0,0,0,0,0,9,0,2,0,0,0,0,110,0,0,0,9,130
2015,32,Civilian,16,137,12,14,8,12,19,15,8,33,2,10,70,0,0,1,0,1,0,0,14,0,12,6,10,0,0,2,49,7,0,0,0,79,179
2015,32,Non-Civilian,0,114,0,2,20,0,37,9,15,4,1,1,28,0,0,1,0,0,0,0,0,0,16,0,2,0,0,0,3,95,0,0,0,0,116
2015,33,Civilian,55,420,25,52,14,12,366,38,22,13,2,26,56,0,0,3,0,0,0,1,21,0,10,0,6,0,0,6,116,16,0,0,0,376,552
2015,33,Non-Civilian,0,191,0,1,39,1,43,42,7,0,0,32,25,0,0,3,0,0,0,0,0,0,5,0,4,0,0,0,0,175,0,0,0,8,192
2015,34,Civilian,55,174,19,43,27,2,198,12,8,11,3,6,14,0,0,10,0,0,0,0,15,0,4,0,7,0,0,5,128,12,0,0,0,120,291
2015,34,Non-Civilian,0,117,0,1,23,3,55,9,3,2,1,6,4,3,0,9,0,0,0,0,1,0,2,0,1,0,0,1,0,99,0,0,0,14,118
2015,35,Civilian,17,111,30,33,7,1,114,14,17,2,0,2,33,0,1,0,0,0,0,0,11,0,2,0,11,0,0,5,90,4,0,0,0,68,191
2015,35,Non-Civilian,0,65,0,0,13,0,25,3,7,0,0,8,9,0,0,0,0,0,0,0,0,0,0,0,0,0,0,0,0,64,0,0,0,1,65
2015,36,Civilian,16,82,15,16,4,1,93,14,3,0,0,1,13,0,0,0,0,0,0,0,5,0,0,0,1,0,0,4,58,10,0,0,0,51,129
2015,36,Non-Civilian,0,67,0,0,11,5,35,4,2,1,0,3,6,0,0,0,0,0,0,0,0,0,4,0,0,0,0,0,5,54,0,0,0,4,67
2015,37,Civilian,6,49,4,8,0,3,33,11,7,0,0,3,10,0,0,0,0,0,0,0,7,0,0,0,0,0,0,3,31,15,0,0,0,11,67
2015,37,Non-Civilian,0,99,0,1,7,1,57,3,11,3,1,12,5,0,0,0,0,0,0,0,0,0,0,0,0,0,0,0,0,100,0,0,0,0,100
2015,38,Civilian,14,82,8,10,3,4,39,29,1,0,0,14,24,0,0,0,0,0,0,0,9,0,1,0,0,0,0,1,35,3,0,0,0,65,114
2015,38,Non-Civilian,0,74,0,0,1,1,43,8,4,1,0,6,9,0,1,0,0,0,0,0,0,0,2,2,0,0,0,0,3,66,0,0,0,1,74
2015,39,Civilian,20,97,11,21,50,2,18,6,4,2,0,47,17,0,3,0,0,0,0,0,6,0,0,5,0,0,0,1,96,11,0,0,0,30,149
2015,39,Non-Civilian,0,56,0,0,3,7,18,13,0,1,0,3,2,1,8,0,0,0,0,0,0,0,4,0,0,0,0,0,4,48,0,0,0,0,56
2015,40,Civilian,21,95,10,27,19,3,26,13,27,7,0,48,9,0,0,1,0,0,0,0,6,0,4,0,3,0,0,1,33,8,0,0,0,98,153
2015,40,Non-Civilian,0,54,0,1,1,0,19,21,12,0,0,1,1,0,0,0,0,0,0,0,0,0,0,1,2,0,0,0,7,44,0,0,0,1,55
2015,41,Civilian,26,132,11,19,35,5,41,15,20,14,0,23,34,0,0,1,0,0,0,0,19,0,7,3,13,0,0,4,46,8,0,0,1,87,188
2015,41,Non-Civilian,0,115,0,1,14,2,11,32,22,11,0,4,15,4,1,0,0,0,0,0,1,0,6,0,0,0,0,0,1,106,0,0,0,2,116
2015,42,Civilian,31,160,28,41,68,2,63,10,14,4,1,88,9,0,0,1,0,0,0,1,11,0,6,0,8,2,0,1,51,17,0,0,0,163,260
2015,42,Non-Civilian,0,159,0,3,36,1,33,26,11,11,0,19,21,3,1,0,0,0,0,0,0,0,1,4,2,0,0,0,0,151,0,0,0,4,162
2015,43,Civilian,31,152,15,19,30,0,50,22,23,16,0,37,35,1,1,2,0,0,0,0,19,0,9,0,9,0,0,4,49,10,0,0,0,117,217
2015,43,Non-Civilian,0,211,0,3,51,1,39,25,9,20,0,34,32,3,0,0,0,0,0,0,0,0,15,0,0,0,0,1,3,188,0,0,0,7,214
2015,44,Civilian,45,212,27,52,107,3,126,18,9,21,4,23,22,0,0,3,0,0,1,0,10,0,3,0,8,2,0,2,56,10,0,0,0,244,336
2015,44,Non-Civilian,0,101,0,0,16,1,22,5,6,10,0,10,30,0,1,0,0,0,2,0,0,0,1,0,2,0,0,0,2,93,0,0,0,1,101
2015,45,Civilian,29,201,8,47,40,3,71,9,59,10,2,43,27,1,0,20,0,0,0,0,18,0,5,0,9,1,0,2,54,11,0,0,0,185,285
2015,45,Non-Civilian,0,148,0,1,18,3,58,9,2,23,2,3,26,5,0,0,0,0,0,0,0,0,3,0,0,1,0,0,7,135,0,0,0,3,149
2015,46,Civilian,21,128,11,37,53,6,55,21,9,13,2,16,18,3,0,1,0,0,0,0,24,0,3,0,6,2,0,6,59,18,0,0,0,79,197
2015,46,Non-Civilian,0,195,0,1,27,6,29,44,17,17,0,13,40,3,0,0,0,0,0,0,0,0,19,0,8,0,0,0,5,162,0,0,0,2,196
2015,47,Civilian,46,165,16,39,32,8,49,44,75,10,0,7,35,0,2,3,1,0,1,0,14,0,8,0,17,0,0,2,71,5,0,0,0,148,266
2015,47,Non-Civilian,0,89,0,2,9,1,19,9,5,12,3,15,13,4,0,0,0,1,1,0,0,0,3,0,1,0,0,0,3,77,0,0,0,6,91
2015,48,Civilian,25,160,12,36,47,3,41,24,16,5,0,19,64,0,1,13,0,0,0,0,13,0,14,1,12,1,3,5,46,11,0,1,0,126,233
2015,48,Non-Civilian,0,177,0,2,29,1,28,7,8,20,0,24,54,7,1,0,0,0,0,4,0,0,3,1,7,1,0,0,3,157,0,0,0,3,179
2015,49,Civilian,37,162,22,41,44,4,100,25,18,6,2,46,13,0,0,4,0,0,0,0,12,1,13,13,19,0,0,5,58,10,0,0,0,131,262
2015,49,Non-Civilian,0,138,0,3,22,1,24,30,7,14,0,10,27,4,0,1,0,1,0,1,0,0,5,0,0,0,0,0,2,128,0,0,0,5,141
2015,50,Civilian,52,186,34,57,107,4,130,17,34,9,1,5,21,0,0,1,0,0,0,0,4,0,10,0,14,0,0,3,30,5,0,0,0,263,329
2015,50,Non-Civilian,0,167,0,0,26,2,21,16,2,15,0,12,66,5,0,2,0,0,0,0,0,0,10,0,4,0,0,0,4,141,0,0,0,8,167
2015,51,Civilian,34,205,13,23,98,6,36,10,16,6,0,12,78,0,1,12,0,0,0,0,10,0,9,0,18,0,0,2,26,12,0,1,0,197,275
2015,51,Non-Civilian,0,110,0,3,35,1,22,3,3,6,0,12,26,4,0,1,0,0,0,0,1,0,4,0,0,0,0,0,2,104,0,0,0,2,113
2015,52,Civilian,34,201,17,49,66,4,100,27,27,10,2,22,35,0,1,7,0,0,2,0,10,0,5,0,12,1,0,5,47,7,0,0,0,212,301
2015,52,Non-Civilian,0,131,0,1,30,5,40,9,5,8,0,13,20,2,0,0,0,0,0,0,0,0,5,1,2,0,0,0,12,100,0,0,0,12,132
2015,53,Civilian,11,55,13,12,31,0,28,8,7,4,1,8,4,0,0,0,0,0,0,0,1,0,4,0,4,1,0,2,12,9,0,0,0,58,91
2015,53,Non-Civilian,0,80,0,0,16,0,15,28,2,3,0,6,5,5,0,0,0,0,0,0,0,0,0,0,1,0,0,0,1,72,0,0,0,6,80
2016,1,Civilian,24,167,12,26,41,2,85,19,5,12,2,3,52,1,0,7,0,0,0,0,16,0,4,0,9,0,0,9,12,6,0,0,0,173,229
2016,1,Non-Civilian,0,62,0,1,7,1,16,18,4,2,0,5,4,4,2,0,0,0,0,0,0,0,6,0,2,0,0,0,1,49,0,0,0,5,63
2016,2,Civilian,44,188,16,39,68,3,63,14,34,8,2,9,76,0,0,10,0,0,0,0,6,0,2,2,5,0,2,8,33,8,0,0,0,221,287
2016,2,Non-Civilian,0,173,0,2,27,11,33,29,19,6,1,19,25,1,0,0,0,4,0,0,0,0,12,1,7,0,0,0,5,140,0,0,0,10,175
2016,3,Civilian,35,140,20,58,44,2,32,5,95,8,1,12,24,1,0,28,0,1,0,0,22,0,3,0,5,0,0,9,28,6,0,1,0,179,253
2016,3,Non-Civilian,0,133,0,2,17,0,44,27,8,10,0,9,13,5,0,2,0,0,0,0,0,0,10,0,0,0,0,0,0,123,0,0,0,2,135
2016,4,Civilian,51,156,23,48,61,2,49,8,48,3,16,26,55,0,2,8,0,0,0,0,8,0,13,1,6,0,0,8,38,16,0,0,0,188,278
2016,4,Non-Civilian,1,96,0,2,14,1,17,14,3,19,0,5,26,0,0,0,0,0,0,0,0,0,7,0,1,0,0,0,2,88,0,0,0,1,99
2016,5,Civilian,39,99,21,35,69,1,25,22,23,3,0,33,8,1,0,9,0,0,0,0,5,0,1,1,4,0,0,4,25,11,0,0,0,143,194
2016,5,Non-Civilian,0,245,0,2,111,0,39,20,5,18,0,13,32,8,0,1,0,0,0,0,1,0,8,0,0,0,0,0,3,229,0,0,0,6,247
2016,6,Civilian,35,124,18,24,54,4,51,19,6,5,2,29,25,0,0,5,1,0,0,1,12,0,0,0,13,1,0,7,34,13,0,0,0,120,201
2016,6,Non-Civilian,0,108,0,1,23,7,28,13,3,3,0,13,16,3,0,0,0,0,0,0,1,0,5,0,7,0,0,0,0,92,0,0,0,4,109
2016,7,Civilian,23,156,12,45,64,3,48,20,25,2,16,25,32,0,0,1,0,0,0,0,6,0,6,1,4,0,0,6,45,7,0,0,0,161,236
2016,7,Non-Civilian,0,131,0,0,28,3,19,21,7,9,1,17,25,1,0,0,0,0,0,0,0,0,3,0,1,0,0,0,5,114,0,0,0,8,131
2016,8,Civilian,25,107,16,30,51,4,36,12,23,11,2,6,17,1,0,15,0,0,0,0,9,0,1,0,10,0,0,14,32,8,0,0,0,104,178
2016,8,Non-Civilian,0,143,0,0,23,3,46,16,8,7,1,6,23,9,0,0,0,1,0,0,0,0,0,0,1,0,0,0,10,129,0,0,0,3,143
2016,9,Civilian,12,66,10,8,22,1,9,7,24,1,4,17,11,0,0,0,0,0,0,0,12,0,7,0,11,1,0,4,16,10,0,0,0,35,96
2016,9,Non-Civilian,0,99,0,1,6,4,19,3,9,8,0,22,10,1,18,0,0,0,0,0,0,0,19,0,1,0,0,0,4,74,0,0,0,2,100
2016,10,Civilian,11,94,6,8,21,1,15,14,25,0,3,18,19,0,1,2,0,0,0,0,9,0,13,0,15,0,0,2,22,13,0,0,0,45,119
2016,10,Non-Civilian,0,107,0,1,21,1,9,11,6,2,0,11,41,3,0,3,0,0,0,0,0,0,2,0,1,0,0,0,3,102,0,0,0,0,108
2016,11,Civilian,4,59,1,6,15,1,8,21,8,5,0,5,5,0,1,1,0,0,0,0,6,0,5,0,10,0,0,3,8,19,0,0,0,19,70
2016,11,Non-Civilian,0,47,0,0,5,0,5,18,2,4,1,6,6,0,0,0,0,0,0,0,0,0,3,0,3,0,0,0,2,37,0,0,0,2,47
2016,12,Civilian,18,58,7,19,9,1,11,27,29,11,0,4,5,0,0,5,0,0,0,0,5,0,6,0,6,0,0,1,29,11,0,0,0,44,102
2016,12,Non-Civilian,0,83,0,1,15,0,16,34,4,3,0,5,5,2,0,0,0,0,0,0,0,0,12,0,1,0,0,1,0,67,0,0,0,3,84
2016,13,Civilian,14,71,7,24,15,3,46,8,26,0,3,8,4,0,0,3,0,0,0,0,9,0,5,0,10,0,0,1,16,14,1,0,0,60,116
2016,13,Non-Civilian,0,132,0,0,30,0,23,29,2,11,0,20,16,0,0,1,0,0,2,0,1,0,4,0,1,0,0,0,0,117,0,0,0,7,132
2016,14,Civilian,14,87,8,10,23,1,24,2,24,5,2,6,22,0,0,10,0,0,0,0,11,0,7,2,17,0,0,3,16,7,0,0,0,56,119
2016,14,Non-Civilian,0,147,0,1,38,1,32,16,16,6,0,7,29,2,0,1,0,0,1,0,0,0,4,1,0,0,0,0,1,125,0,0,0,16,148
2016,15,Civilian,11,66,10,14,33,5,6,3,19,4,0,12,6,1,1,11,0,0,0,0,5,0,5,0,4,0,0,3,19,15,0,0,0,50,101
2016,15,Non-Civilian,0,135,0,0,60,5,13,7,4,10,0,7,26,2,0,1,0,0,0,0,0,0,2,0,1,0,0,0,0,129,0,0,0,3,135
2016,16,Civilian,40,157,14,39,57,4,39,9,19,20,3,24,71,0,0,4,0,0,0,0,7,0,4,0,7,0,0,0,45,13,2,0,1,171,250
2016,16,Non-Civilian,0,111,0,2,22,1,16,14,1,8,1,4,38,6,0,1,0,1,0,0,0,0,11,0,0,0,0,0,0,94,0,0,0,8,113
2016,17,Civilian,23,130,16,39,139,4,8,4,16,5,0,10,13,0,0,9,0,0,0,0,9,0,5,0,13,0,0,0,91,8,3,0,0,79,208
2016,17,Non-Civilian,1,159,0,0,61,1,24,10,5,9,5,24,18,3,0,0,0,0,0,0,0,0,9,0,0,0,0,0,3,145,0,0,0,3,160
2016,18,Civilian,28,90,7,28,61,2,13,9,26,6,2,17,13,0,0,4,0,0,0,0,7,0,20,1,18,0,0,0,52,13,0,0,0,42,153
2016,18,Non-Civilian,0,164,0,1,42,2,45,12,2,6,1,9,46,0,0,0,0,0,0,0,1,0,1,1,0,0,0,0,5,155,0,0,0,2,165
2016,19,Civilian,11,84,6,16,27,0,7,14,21,0,0,10,31,0,0,7,0,0,0,0,9,0,3,1,5,1,0,0,24,13,0,1,0,60,117
2016,19,Non-Civilian,0,109,0,1,25,2,17,16,8,7,0,20,15,0,0,0,0,0,0,0,0,0,1,0,0,0,0,0,5,93,0,0,0,11,110
2016,20,Civilian,37,102,15,31,34,0,29,9,21,6,8,52,25,0,0,0,1,0,0,0,15,0,3,1,3,0,0,0,43,24,4,0,0,92,185
2016,20,Non-Civilian,0,121,0,0,19,3,34,10,8,12,1,13,17,4,0,0,0,0,0,0,1,0,0,0,1,0,0,1,2,115,0,0,1,0,121
2016,21,Civilian,12,62,10,15,51,0,15,5,6,3,0,8,10,0,0,1,0,0,0,0,5,0,0,0,3,0,3,1,31,3,2,0,12,39,99
2016,21,Non-Civilian,1,63,0,0,10,2,24,11,1,2,0,8,5,1,0,0,0,0,0,0,0,0,5,1,0,0,0,0,4,54,0,0,0,0,64
2016,22,Civilian,60,240,26,57,233,5,17,2,33,6,0,25,50,1,0,11,0,0,0,1,7,0,2,0,5,1,0,1,102,12,0,0,2,250,383
2016,22,Non-Civilian,0,74,0,1,28,4,8,1,2,6,1,8,16,1,0,0,0,0,0,0,0,0,10,1,0,0,0,0,2,60,0,0,0,2,75
2016,23,Civilian,31,158,21,37,136,1,17,2,26,5,3,9,43,0,0,5,0,0,0,0,5,0,20,4,2,0,0,0,22,24,0,0,6,164,247
2016,23,Non-Civilian,0,125,0,1,49,1,13,11,11,5,0,5,30,1,0,0,0,0,0,0,1,0,4,0,1,0,0,0,5,114,0,0,0,1,126
2016,24,Civilian,27,139,13,26,117,0,14,5,10,11,0,10,25,0,1,12,0,0,0,0,7,0,22,1,6,0,0,0,32,10,0,0,2,125,205
2016,24,Non-Civilian,0,135,0,2,27,1,26,2,5,10,2,12,47,5,0,0,0,0,0,0,1,0,4,0,0,0,0,0,5,110,0,0,0,17,137
2016,25,Civilian,36,171,23,51,137,1,14,10,35,4,0,20,35,1,0,24,0,0,0,0,8,0,36,1,2,0,0,2,44,22,0,1,0,165,281
2016,25,Non-Civilian,0,111,0,0,25,1,29,4,4,9,0,16,21,2,0,0,0,0,0,0,0,0,4,0,0,0,0,0,1,104,0,0,0,2,111
2016,26,Civilian,25,183,17,30,87,10,83,8,24,2,1,22,14,0,0,4,0,0,4,1,5,1,16,1,8,1,0,0,51,11,1,0,2,153,255
2016,26,Non-Civilian,0,123,0,1,38,0,11,22,3,9,0,4,36,1,0,0,0,0,0,0,0,0,15,0,0,0,0,0,2,103,0,0,0,4,124
2016,27,Civilian,37,122,20,31,134,0,12,2,8,8,0,5,32,0,0,9,0,0,0,0,1,0,9,7,1,0,0,0,67,15,0,0,0,110,210
2016,27,Non-Civilian,0,117,0,4,28,0,41,9,4,6,0,15,17,0,1,0,0,0,0,0,0,0,14,0,0,0,0,0,5,102,0,0,0,0,121
2016,28,Civilian,61,225,27,42,198,4,19,9,21,10,0,50,39,0,1,4,0,0,0,0,12,0,15,1,0,0,0,0,63,16,0,1,5,242,355
2016,28,Non-Civilian,0,105,0,1,33,2,14,13,3,8,0,17,15,0,0,1,0,0,0,0,0,0,5,0,0,0,0,1,2,97,0,0,1,0,106
2016,29,Civilian,58,348,37,81,272,9,79,18,38,7,0,24,76,0,0,1,0,0,0,0,12,0,11,2,12,2,0,1,79,14,2,0,14,375,524
2016,29,Non-Civilian,0,88,0,0,27,1,10,13,3,2,0,8,23,0,0,1,0,0,0,0,1,0,7,1,1,0,0,2,2,65,0,0,1,8,88
2016,30,Civilian,43,202,29,56,190,1,36,28,11,8,0,21,32,0,0,3,0,0,0,0,6,0,16,3,8,1,0,1,50,18,0,0,9,218,330
2016,30,Non-Civilian,0,100,0,0,16,0,28,8,0,12,0,16,18,0,1,1,0,0,0,0,0,0,3,0,0,0,0,0,7,84,0,0,4,2,100
2016,31,Civilian,37,139,28,50,147,3,27,12,14,6,0,10,35,0,0,0,0,0,0,0,7,0,27,0,0,0,0,0,71,31,1,0,5,112,254
2016,31,Non-Civilian,0,191,0,0,33,0,15,11,6,37,0,25,64,0,0,0,0,0,0,0,0,0,4,0,0,0,0,0,6,181,0,0,0,0,191
2016,32,Civilian,53,210,20,45,138,1,27,6,32,3,0,27,84,0,0,10,0,0,3,0,8,0,23,1,6,0,0,0,71,24,0,0,0,192,328
2016,32,Non-Civilian,0,135,0,0,27,0,26,4,1,18,0,12,42,4,0,1,0,0,0,0,0,0,6,1,0,0,0,0,4,122,0,0,1,1,135
2016,33,Civilian,35,189,17,38,107,1,31,11,27,11,3,40,46,0,0,2,0,0,0,0,6,0,31,0,5,1,0,0,84,14,0,2,1,135,279
2016,33,Non-Civilian,0,88,0,1,11,0,16,9,5,12,0,11,25,0,0,0,0,0,0,1,0,0,2,0,2,0,0,0,2,79,0,0,0,3,89
2016,34,Civilian,39,134,27,43,143,2,34,5,5,3,0,33,17,0,0,1,0,0,0,0,2,0,25,2,5,0,0,0,42,12,0,0,4,151,243
2016,34,Non-Civilian,0,85,0,0,15,2,19,7,1,2,0,2,37,0,0,0,0,0,0,0,0,0,3,0,1,0,0,0,0,81,0,0,0,0,85
2016,35,Civilian,29,131,26,23,59,2,11,13,11,64,0,15,34,0,0,0,0,0,0,0,3,0,17,3,6,0,0,0,31,23,0,0,22,104,209
2016,35,Non-Civilian,0,176,0,0,29,2,38,23,0,24,0,8,52,0,0,0,0,0,0,0,0,0,21,0,2,0,0,0,2,151,0,0,0,0,176
2016,36,Civilian,37,153,23,51,93,0,24,10,8,32,0,6,91,0,0,0,0,0,1,0,2,0,9,2,4,0,0,0,52,5,0,0,3,186,264
2016,36,Non-Civilian,0,123,0,2,18,1,29,31,1,16,0,10,16,0,2,0,1,0,0,0,0,0,1,0,1,0,0,0,5,115,0,0,0,3,125
2016,37,Civilian,13,93,10,22,44,0,18,13,35,5,0,12,9,0,1,1,0,0,0,0,1,0,9,5,9,0,0,0,24,5,0,0,0,85,138
2016,37,Non-Civilian,0,55,0,0,7,2,5,20,3,4,1,5,6,0,2,0,0,0,0,0,0,0,0,0,0,0,0,0,2,50,0,0,0,3,55
2016,38,Civilian,47,333,22,68,374,1,10,12,19,11,0,16,26,0,0,1,0,0,0,0,6,0,27,0,3,0,0,0,11,1,0,1,0,421,470
2016,38,Non-Civilian,0,109,0,0,14,0,11,13,2,18,0,7,42,0,2,0,0,0,0,0,0,0,12,0,0,0,0,0,1,78,0,0,0,18,109
2016,39,Civilian,39,166,30,34,141,2,39,7,7,26,1,11,33,0,2,0,0,0,0,1,15,0,10,1,0,0,0,0,55,6,0,0,1,180,269
2016,39,Non-Civilian,0,74,0,2,12,2,5,8,2,22,1,4,19,0,1,0,0,0,0,0,0,0,3,1,1,0,0,0,2,62,0,0,1,6,76
2016,40,Civilian,28,159,10,34,146,5,25,13,10,15,0,12,5,0,0,0,0,0,0,0,5,0,26,0,5,0,0,0,64,11,0,0,1,119,231
2016,40,Non-Civilian,0,98,0,0,23,1,19,22,10,7,0,1,15,0,0,0,0,0,0,0,0,0,11,0,5,0,0,0,6,68,0,0,0,8,98
2016,41,Civilian,46,174,27,28,182,4,15,14,7,15,0,20,18,0,0,0,0,0,0,0,5,0,31,0,1,1,0,0,52,4,1,0,1,179,275
2016,41,Non-Civilian,0,79,0,1,22,0,14,6,1,9,0,3,24,0,0,0,0,1,0,0,0,0,7,0,2,0,0,0,2,67,0,0,0,2,80
2016,42,Civilian,27,98,18,30,97,0,10,7,4,12,0,11,30,1,1,0,0,0,0,0,3,0,25,0,4,0,0,0,14,9,2,0,9,107,173
2016,42,Non-Civilian,0,91,0,3,23,5,23,2,1,20,0,8,11,0,1,0,0,0,0,0,0,0,1,1,1,0,0,0,0,89,0,0,0,2,94
2016,43,Civilian,28,96,31,30,49,2,23,6,1,10,0,10,81,0,0,3,0,0,0,0,2,0,14,0,3,0,0,0,47,7,0,0,0,112,185
2016,43,Non-Civilian,0,174,0,0,42,2,25,44,2,4,0,12,40,1,2,0,0,0,0,0,0,0,3,0,1,0,0,0,5,162,0,0,0,3,174
2016,44,Civilian,30,117,30,39,100,2,31,10,6,7,0,19,39,0,2,0,0,0,0,0,2,0,18,0,4,1,0,0,55,8,1,1,1,125,216
2016,44,Non-Civilian,0,84,0,3,28,3,13,1,0,10,0,6,26,0,0,0,0,0,0,0,0,0,0,0,0,0,0,0,0,86,0,0,0,1,87
2016,45,Civilian,44,118,24,45,76,0,49,2,2,3,1,19,58,0,0,21,0,0,0,1,5,0,13,0,1,0,0,0,45,8,1,1,3,153,231
2016,45,Non-Civilian,0,95,0,0,23,1,17,3,2,11,0,4,34,0,0,0,0,0,0,0,0,0,1,0,6,0,0,0,3,84,0,0,0,1,95
2016,46,Civilian,54,189,35,69,192,1,52,3,2,44,0,17,36,0,0,0,0,0,0,0,23,3,25,0,0,0,0,0,78,20,0,1,3,194,347
2016,46,Non-Civilian,0,77,0,1,37,0,11,4,1,1,0,9,15,0,0,0,0,0,0,0,0,0,2,1,0,0,0,0,2,71,0,0,0,2,78
2016,47,Civilian,33,212,25,31,200,2,26,8,0,17,0,17,28,0,0,3,0,0,1,0,3,1,17,0,4,0,0,0,49,10,0,1,2,213,301
2016,47,Non-Civilian,0,92,0,0,27,0,8,17,0,8,0,7,24,1,0,0,0,0,0,0,0,0,3,0,0,1,0,0,2,83,0,0,1,2,92
2016,48,Civilian,25,182,11,49,127,0,15,1,3,28,0,19,72,0,0,2,0,0,0,0,4,0,6,5,3,1,0,1,81,15,0,0,5,146,267
2016,48,Non-Civilian,0,54,0,0,17,1,10,6,1,2,0,6,11,0,0,0,0,0,0,0,0,0,1,0,1,0,0,0,3,48,0,0,1,0,54
2016,49,Civilian,31,121,25,48,137,1,21,8,3,4,0,18,30,0,0,3,0,0,2,1,1,0,3,1,1,0,0,0,84,16,1,0,1,114,225
2016,49,Non-Civilian,0,60,0,0,30,0,8,7,2,4,0,3,6,0,0,0,0,0,0,0,0,0,4,0,0,0,0,0,2,52,0,0,1,1,60
2016,50,Civilian,20,130,14,17,91,1,4,6,12,38,0,18,11,0,0,0,0,0,34,0,5,0,4,65,0,0,0,0,26,5,1,0,0,41,181
2016,50,Non-Civilian,0,40,0,1,10,0,13,0,5,3,0,4,5,0,1,0,0,0,0,0,0,0,0,0,0,0,0,0,0,33,0,0,0,8,41
2016,51,Civilian,17,107,9,21,105,2,16,15,10,0,0,3,3,0,0,0,0,0,0,0,2,0,7,21,1,0,0,2,16,3,0,0,0,102,154
2016,51,Non-Civilian,0,36,0,0,6,2,17,2,0,2,0,2,5,0,0,0,0,0,0,0,0,0,1,0,0,1,0,0,0,34,0,0,0,0,36
2016,52,Civilian,17,65,11,23,42,2,35,7,16,3,0,1,10,0,0,0,0,0,0,0,4,0,20,2,1,0,0,0,38,3,0,0,0,48,116
2016,52,Non-Civilian,0,27,0,0,0,1,19,3,0,0,0,1,3,0,0,0,0,0,0,0,0,0,0,0,0,0,0,0,2,25,0,0,0,0,27
2016,53,Civilian,5,31,1,4,5,1,13,8,6,0,0,0,2,0,0,6,0,0,0,0,7,0,1,1,10,0,0,2,6,8,0,0,0,6,41
2016,53,Non-Civilian,0,26,0,1,4,0,6,6,0,1,0,3,6,1,0,0,0,0,0,0,0,0,1,0,0,0,0,0,1,24,0,0,0,1,27
2017,1,Civilian,9,85,0,13,39,0,30,4,18,4,0,5,7,0,0,0,0,0,0,0,3,0,11,1,1,0,0,0,50,19,1,0,2,19,107
2017,1,Non-Civilian,0,46,0,0,1,1,19,5,6,0,0,4,9,0,1,0,0,0,0,0,0,0,0,0,1,0,0,0,1,33,0,0,0,11,46
2017,2,Civilian,22,111,10,17,74,8,29,5,17,4,0,4,17,0,0,2,0,0,0,0,2,0,2,12,0,0,0,1,64,8,0,0,2,69,160
2017,2,Non-Civilian,0,42,0,0,1,1,19,13,0,0,0,7,1,0,0,0,0,0,0,0,0,0,1,0,0,0,0,0,3,27,0,1,0,10,42
2017,3,Civilian,21,99,6,16,53,0,14,5,44,5,0,19,1,0,0,1,0,0,0,0,0,0,10,0,0,0,0,0,40,11,0,0,2,79,142
2017,3,Non-Civilian,0,45,0,1,8,0,14,5,2,0,0,3,12,0,0,0,0,2,0,0,0,0,0,0,0,0,0,0,3,30,0,0,0,13,46
2017,4,Civilian,14,66,6,5,31,0,7,5,30,1,0,8,9,0,0,0,0,0,0,0,2,0,13,5,2,1,0,0,15,9,0,0,1,43,91
2017,4,Non-Civilian,0,25,0,0,4,1,10,3,0,1,0,3,3,0,0,0,0,0,0,0,0,0,1,1,1,0,0,0,0,21,0,0,0,1,25
2017,5,Civilian,13,74,5,23,67,3,12,5,16,3,0,8,1,0,0,0,0,0,0,0,1,0,19,0,2,0,0,1,47,5,1,0,6,33,115
2017,5,Non-Civilian,0,102,0,1,16,1,23,35,3,1,0,3,9,3,1,0,0,8,0,0,0,0,8,0,2,0,0,2,4,79,0,0,4,4,103
2017,6,Civilian,33,130,9,35,103,3,8,19,4,9,0,26,30,1,0,4,0,0,0,0,7,0,23,6,3,2,0,1,75,19,0,1,2,68,207
2017,6,Non-Civilian,0,63,0,0,10,0,15,14,3,2,0,0,12,1,0,2,0,4,1,0,0,0,4,1,0,1,0,0,0,53,0,0,1,2,63
2017,7,Civilian,38,94,16,25,72,2,23,40,1,12,0,12,10,0,1,0,0,0,0,0,4,0,18,1,1,0,0,1,42,6,0,2,1,97,173
2017,7,Non-Civilian,0,201,0,0,12,0,9,35,2,109,0,8,26,0,0,0,0,0,0,78,0,0,6,4,0,0,0,0,2,109,0,0,2,0,201
2017,8,Civilian,27,230,12,28,119,8,23,47,11,15,1,18,40,1,0,14,0,0,0,0,5,0,105,25,1,0,0,0,29,14,1,0,0,117,297
2017,8,Non-Civilian,0,190,0,0,12,0,12,76,3,10,0,31,30,5,0,0,9,2,0,17,0,0,31,15,0,0,0,1,7,114,0,0,1,4,190
2017,9,Civilian,22,118,10,29,60,3,10,7,13,12,2,15,44,0,0,13,0,0,0,0,8,0,47,5,10,0,0,0,16,6,2,1,0,84,179
2017,9,Non-Civilian,0,101,0,1,14,5,23,29,6,1,0,16,8,0,0,0,0,0,0,0,0,0,7,3,1,0,0,0,4,85,0,0,1,1,102
2017,10,Civilian,21,108,9,13,70,2,22,13,6,2,0,7,13,2,0,14,0,0,0,0,3,1,35,11,1,0,0,0,25,4,0,1,2,68,151
2017,10,Non-Civilian,0,62,0,0,3,0,6,29,0,2,0,7,15,0,0,0,0,0,0,0,0,0,12,0,0,0,0,0,0,38,0,0,0,12,62
2017,11,Civilian,34,149,16,32,95,32,24,11,17,4,1,9,23,1,1,13,0,0,0,0,1,0,48,9,1,0,0,2,11,10,1,2,4,142,231
2017,11,Non-Civilian,0,63,0,1,2,5,23,19,0,4,0,5,5,0,0,0,0,1,0,0,0,0,1,0,0,0,0,0,2,60,0,0,0,1,64
2017,12,Civilian,35,153,24,33,44,5,43,9,9,17,0,28,43,0,2,45,0,0,0,0,2,0,18,1,4,0,0,3,33,12,0,0,1,171,245
2017,12,Non-Civilian,0,103,0,0,4,7,33,7,1,20,2,3,25,0,0,1,0,0,0,0,0,0,1,0,1,0,0,0,2,92,0,0,0,7,103
2017,13,Civilian,8,79,6,24,13,3,21,14,0,13,0,3,21,1,0,28,0,0,0,0,0,0,11,0,2,0,0,1,13,11,1,0,0,78,117
2017,13,Non-Civilian,0,65,0,0,2,2,11,15,4,13,1,4,12,0,0,1,0,0,0,0,0,0,3,1,0,0,0,0,4,55,0,0,0,2,65
2017,14,Civilian,63,193,46,67,40,9,70,26,6,56,0,17,131,0,0,14,0,0,89,0,2,0,9,2,1,0,0,4,30,3,0,0,1,228,369
2017,14,Non-Civilian,0,82,0,1,9,2,17,23,0,9,0,8,13,1,0,1,0,0,0,0,0,0,3,0,2,0,0,1,3,67,0,0,0,7,83
2017,15,Civilian,12,66,5,13,14,5,23,7,12,8,0,3,19,0,0,5,0,0,1,1,1,0,11,0,2,0,0,2,29,3,1,0,9,36,96
2017,15,Non-Civilian,0,89,0,0,3,7,18,31,2,11,0,6,10,0,0,0,0,1,0,0,0,0,21,0,1,0,0,0,0,64,0,0,1,2,89
2017,16,Civilian,15,58,15,26,17,2,20,7,28,16,0,5,19,0,0,0,0,0,0,0,4,0,11,4,0,0,0,0,20,2,0,1,3,69,114
2017,16,Non-Civilian,0,94,0,0,4,9,15,17,2,19,0,8,20,0,0,0,0,0,0,0,0,0,4,0,0,0,1,0,7,81,0,0,0,1,94
2017,17,Civilian,23,86,13,26,10,0,20,17,0,31,0,19,44,0,0,7,0,0,0,0,2,0,8,10,1,0,0,1,16,17,0,0,1,92,148
2017,17,Non-Civilian,2,156,2,1,2,5,75,31,1,28,0,3,12,0,0,0,0,4,0,0,0,0,11,0,1,0,0,0,3,131,0,0,3,12,161
2017,18,Civilian,15,60,15,24,23,6,18,11,12,10,0,11,20,0,0,3,0,0,0,0,0,0,15,1,1,2,0,2,28,17,0,0,1,47,114
2017,18,Non-Civilian,0,155,0,2,2,14,65,14,8,29,0,7,18,0,0,0,0,0,0,0,0,0,7,1,4,0,0,0,4,135,0,0,0,6,157
2017,19,Civilian,28,79,7,15,39,0,4,2,44,5,0,16,7,0,0,12,0,0,0,0,3,0,9,1,4,0,1,1,12,3,0,0,0,95,129
2017,19,Non-Civilian,0,58,0,1,1,1,14,14,13,3,0,4,8,0,1,0,0,0,0,1,0,0,6,0,0,0,2,0,0,40,0,0,0,10,59
2017,20,Civilian,15,61,11,23,13,1,9,14,54,3,0,12,3,0,0,1,0,0,0,0,2,0,13,21,0,0,0,3,17,4,0,0,1,49,110
2017,20,Non-Civilian,0,57,0,1,5,2,17,9,1,17,0,1,6,0,0,0,0,0,0,0,0,0,20,2,0,0,0,0,0,36,0,0,0,0,58
2017,21,Civilian,23,96,21,13,33,2,8,11,47,9,0,31,1,0,0,11,0,0,0,0,8,0,21,0,1,0,0,2,35,5,1,0,0,80,153
2017,21,Non-Civilian,0,32,0,1,4,2,2,10,0,4,0,6,5,0,0,0,0,0,0,0,1,0,5,0,0,0,0,0,1,24,0,0,1,1,33
2017,22,Civilian,12,61,8,10,16,7,6,20,34,2,0,2,4,0,0,0,0,0,0,1,10,0,3,2,0,0,0,0,41,10,0,0,1,23,91
2017,22,Non-Civilian,0,83,0,0,9,0,20,33,6,3,0,2,8,0,2,0,0,0,0,0,0,0,15,0,0,0,0,0,7,56,0,0,1,4,83
2017,23,Civilian,10,77,14,18,16,1,3,39,31,2,0,19,6,0,0,2,0,0,0,0,1,0,10,0,0,0,0,1,25,20,0,1,1,60,119
2017,23,Non-Civilian,0,56,0,0,5,0,9,20,9,3,0,1,7,0,1,0,0,1,0,1,0,0,2,0,0,0,0,0,2,35,0,0,0,16,56
2017,24,Civilian,5,73,12,10,7,1,9,19,34,2,0,16,10,0,0,2,0,0,0,0,1,0,8,7,3,1,0,3,13,17,0,0,0,47,100
2017,24,Non-Civilian,0,71,0,0,21,0,20,12,0,3,0,9,6,0,0,0,0,0,0,0,0,0,1,0,1,1,0,0,3,65,0,0,0,0,71
2017,25,Civilian,22,99,6,18,7,1,8,12,48,11,0,11,12,0,0,35,0,0,0,1,2,0,38,3,0,0,0,0,17,3,0,1,0,80,145
2017,25,Non-Civilian,0,85,0,0,2,2,8,28,5,0,0,7,12,0,21,0,0,0,0,0,0,0,13,0,0,0,0,0,4,65,0,0,0,3,85
2017,26,Civilian,27,133,14,21,1,7,6,20,74,4,0,15,3,0,7,43,15,0,0,1,0,0,13,4,0,0,0,0,33,8,0,0,6,130,195
2017,26,Non-Civilian,0,91,0,0,0,1,13,40,2,2,0,4,12,0,17,0,0,0,0,0,0,0,7,0,0,0,0,2,12,69,0,0,0,1,91
2017,27,Civilian,14,73,14,22,21,3,12,13,22,3,0,18,2,0,0,29,0,0,0,0,11,0,9,1,2,0,0,1,31,14,0,0,2,52,123
2017,27,Non-Civilian,0,46,0,0,0,2,16,7,12,0,0,5,4,0,0,0,0,0,0,0,0,0,2,0,0,0,0,0,1,37,0,0,0,6,46
2017,28,Civilian,33,100,16,24,18,1,32,6,64,4,3,13,5,0,0,27,0,0,0,0,1,0,16,3,2,0,0,0,23,10,0,0,5,113,173
2017,28,Non-Civilian,0,45,0,0,0,0,14,2,18,3,0,5,3,0,0,0,0,0,0,0,0,0,3,0,0,0,0,0,3,27,0,0,0,12,45
2017,29,Civilian,41,121,30,34,18,6,17,6,53,15,0,21,12,0,0,78,0,0,0,1,1,0,32,3,0,0,0,2,32,18,2,0,8,127,226
2017,29,Non-Civilian,0,69,0,0,7,0,21,3,3,1,0,3,31,0,0,0,0,0,0,0,0,0,16,0,0,0,0,0,0,50,0,0,0,3,69
2017,30,Civilian,17,93,12,18,26,0,17,2,37,7,0,6,7,0,1,37,0,0,0,0,1,0,25,2,1,0,0,0,13,6,0,0,1,91,140
2017,30,Non-Civilian,0,33,0,0,3,1,3,8,0,7,0,5,6,0,0,0,0,0,0,0,0,0,7,0,0,0,0,0,4,21,0,0,0,1,33
2017,31,Civilian,22,111,12,13,11,6,17,1,49,7,0,11,3,0,0,52,1,0,0,0,5,0,20,6,3,0,0,3,33,6,0,1,0,81,158
2017,31,Non-Civilian,0,25,0,0,0,1,3,6,2,3,0,3,7,0,0,0,0,0,0,0,0,0,3,0,0,0,0,2,4,16,0,0,0,0,25
2017,32,Civilian,24,60,12,11,4,1,10,1,1,4,0,45,13,0,0,28,0,0,0,0,5,0,11,1,1,0,1,0,13,16,0,1,1,57,107
2017,32,Non-Civilian,0,74,0,0,1,0,16,40,0,4,0,0,9,0,4,0,0,0,0,0,0,0,45,0,1,0,0,1,0,22,0,0,0,5,74
2017,33,Civilian,35,88,28,26,12,9,14,2,0,7,0,22,3,0,4,104,0,0,0,0,2,0,7,0,0,0,0,0,40,9,1,1,0,117,177
2017,33,Non-Civilian,1,37,0,0,3,1,13,9,0,6,0,0,6,0,0,0,0,0,0,0,0,0,5,0,3,0,0,0,0,30,0,0,0,0,38
2017,34,Civilian,20,46,4,20,8,2,16,13,1,5,0,33,1,0,0,11,0,0,0,0,2,0,8,0,0,1,0,0,23,8,1,1,3,43,90
2017,34,Non-Civilian,0,21,0,0,3,0,5,4,0,0,0,2,4,0,0,1,2,0,0,0,0,0,3,0,0,0,0,0,1,14,0,0,0,3,21
2017,35,Civilian,5,46,3,7,2,1,7,3,14,0,0,2,3,0,0,29,0,0,0,0,2,0,5,0,0,0,0,1,9,4,1,0,0,39,61
2017,35,Non-Civilian,0,46,0,0,0,0,9,13,2,0,0,9,10,0,0,3,0,0,0,0,0,0,4,0,0,0,0,0,0,41,0,0,0,1,46
2017,36,Civilian,12,120,6,9,6,3,11,3,72,20,0,2,0,0,0,30,0,0,0,0,4,0,5,28,0,1,0,13,21,7,1,0,0,67,147
2017,36,Non-Civilian,0,20,0,0,1,0,4,5,0,0,0,1,7,0,2,0,0,0,0,0,0,0,3,0,0,0,0,0,1,14,0,0,0,2,20
2017,37,Civilian,28,97,7,13,0,0,9,5,93,4,0,5,6,0,1,22,0,0,0,0,5,0,9,1,1,0,0,2,13,4,0,0,0,110,145
2017,37,Non-Civilian,0,20,0,0,0,0,5,5,0,1,0,3,5,0,0,1,0,0,0,0,0,0,4,2,0,0,0,0,1,13,0,0,0,0,20
2017,38,Civilian,39,88,5,19,4,1,8,4,27,45,0,21,37,0,0,4,0,0,0,0,5,0,5,1,3,0,0,1,27,6,2,0,1,100,151
2017,38,Non-Civilian,0,141,0,0,1,2,18,4,37,14,0,4,61,0,0,0,0,0,0,0,0,0,4,0,0,0,0,0,4,77,0,0,0,56,141
2017,39,Civilian,43,139,16,35,18,0,38,8,1,9,0,23,113,0,0,23,0,0,0,0,1,0,8,0,4,0,0,2,45,14,1,1,1,156,233
2017,39,Non-Civilian,0,29,0,0,2,0,9,8,0,2,0,2,6,0,0,0,0,0,0,0,0,0,4,0,0,0,0,0,1,20,0,0,0,4,29
2017,40,Civilian,43,132,22,29,19,1,5,2,115,15,0,3,25,0,0,41,0,0,0,0,2,0,1,2,2,0,0,2,39,6,1,0,0,171,226
2017,40,Non-Civilian,0,61,0,1,1,0,7,4,30,4,0,4,11,0,0,1,0,0,0,0,1,0,0,0,2,0,0,0,0,42,0,0,1,16,62
2017,41,Civilian,37,115,20,23,4,1,8,10,59,2,0,38,2,0,0,71,0,0,0,0,4,0,5,0,0,0,0,0,22,5,0,0,1,158,195
2017,41,Non-Civilian,0,49,0,0,3,1,6,3,13,3,0,3,17,0,0,0,0,0,0,0,0,0,8,0,1,1,0,0,3,30,0,0,0,6,49
2017,42,Civilian,7,119,5,7,1,3,14,5,0,13,0,95,1,0,0,6,0,0,0,1,1,0,4,91,1,0,0,0,16,3,3,0,1,17,138
2017,42,Non-Civilian,0,29,0,0,0,5,8,9,0,0,0,4,2,1,0,0,0,0,0,0,0,0,4,0,0,0,0,0,0,24,0,0,0,1,29
2017,43,Civilian,14,33,1,8,0,1,23,4,0,2,0,6,0,0,0,20,0,0,0,0,3,0,5,0,0,0,0,1,25,1,1,0,0,20,56
2017,43,Non-Civilian,0,23,0,0,0,2,0,16,0,1,0,4,0,0,0,0,0,0,0,0,0,0,9,1,0,0,0,0,7,6,0,0,0,0,23
2017,44,Civilian,2,34,6,14,1,5,25,9,1,2,0,2,8,0,0,3,0,0,0,0,4,0,14,0,0,0,0,0,19,4,5,0,0,10,56
2017,44,Non-Civilian,0,24,0,1,0,1,2,9,0,3,0,3,7,0,0,0,0,0,0,0,0,0,1,0,0,0,0,0,0,24,0,0,0,0,25
2017,45,Civilian,8,46,4,7,5,0,18,8,0,2,0,6,4,0,0,22,0,0,0,0,3,0,23,0,1,1,0,1,12,8,3,1,1,11,65
2017,45,Non-Civilian,0,43,0,0,3,0,4,1,0,10,0,2,23,0,0,0,0,0,0,0,0,0,2,0,0,0,0,0,1,36,0,0,0,4,43
2017,46,Civilian,18,120,14,18,63,1,85,4,0,4,0,1,3,1,0,8,0,0,0,0,1,0,12,0,0,0,0,0,46,8,0,1,2,100,170
2017,46,Non-Civilian,0,54,0,0,14,0,25,6,0,5,0,1,3,0,0,0,0,0,0,0,0,0,4,0,0,0,0,0,0,37,0,0,0,13,54
2017,47,Civilian,21,110,13,14,3,15,76,2,27,2,0,1,2,0,0,30,0,0,0,0,0,0,35,0,1,0,0,2,54,4,6,0,0,56,158
2017,47,Non-Civilian,0,46,0,0,1,2,17,5,12,2,0,2,5,0,0,0,0,0,0,0,0,0,3,0,0,0,0,0,4,32,0,0,0,7,46
2017,48,Civilian,10,115,8,26,0,9,73,1,37,2,0,5,4,0,0,28,0,0,0,0,1,0,39,0,0,0,0,2,11,4,6,0,0,96,159
2017,48,Non-Civilian,0,44,0,0,2,0,13,7,6,3,0,5,7,0,0,1,0,0,0,0,0,0,5,0,0,0,0,0,1,32,0,0,0,6,44
2017,49,Civilian,14,85,10,9,0,3,21,3,38,2,0,16,13,0,0,22,0,0,0,0,1,0,38,0,5,0,0,0,24,5,3,0,2,40,118
2017,49,Non-Civilian,0,43,0,0,10,1,8,0,5,6,0,2,10,0,0,1,0,0,0,0,0,0,10,0,0,0,0,0,2,29,0,0,0,2,43
2017,50,Civilian,28,40,11,23,6,0,3,1,53,1,0,0,15,0,0,23,0,0,0,0,0,0,28,0,4,0,0,0,10,2,0,0,1,57,102
2017,50,Non-Civilian,0,21,0,0,2,1,5,0,0,3,0,1,9,0,0,0,0,0,0,0,0,0,0,0,0,0,0,0,0,21,0,0,0,0,21
2017,51,Civilian,17,51,6,19,6,3,7,0,41,5,0,3,20,0,0,8,0,0,0,0,3,0,13,7,0,0,0,1,16,6,2,0,0,45,93
2017,51,Non-Civilian,0,26,0,0,2,3,4,1,0,3,0,3,8,2,0,0,0,0,0,0,0,0,2,0,2,0,0,0,0,22,0,0,0,0,26
2017,52,Civilian,26,91,13,26,11,1,42,2,16,6,0,6,54,0,0,18,0,0,0,0,0,0,24,0,1,0,0,1,34,4,1,1,0,90,156
2017,52,Non-Civilian,0,54,0,1,1,1,14,8,7,1,0,2,20,0,0,1,0,0,0,0,0,0,6,0,1,0,0,0,1,43,0,0,1,3,55
2018,1,Civilian,6,33,6,10,0,0,32,0,0,3,0,3,12,0,0,5,0,0,0,0,0,0,4,0,0,0,0,1,9,4,0,0,0,37,55
2018,1,Non-Civilian,0,28,0,0,0,1,5,1,0,6,0,2,10,0,0,3,0,0,0,0,0,0,4,0,0,0,0,0,0,24,0,0,0,0,28
2018,2,Civilian,0,1,0,0,0,0,0,0,0,0,0,1,0,0,0,0,0,0,0,0,0,0,0,0,0,0,0,0,1,0,0,0,0,0,1
2018,2,Non-Civilian,0,4,0,0,0,0,0,0,0,3,0,1,0,0,0,0,0,0,0,0,0,0,0,0,0,0,0,0,0,4,0,0,0,0,4
